County,PQI12_UTI_AGE_LT_65,PQI11_BCTRL_PNA_AGE_LT_65,PQI15_ASTHMA_AGE_LT_40,BENES_TOTAL_CNT
AK-Aleutians East,,,,171
AK-Aleutians West,,,,250
AK-Anchorage,,,,45726
AK-Bethel,,,,1748
AK-Bristol Bay,,,,181
AK-Chugach,,,,263
AK-Copper River,,,,239
AK-Denali,,,,320
AK-Dillingham,,,,578
AK-Fairbanks North Star,,,,13603
AK-Haines,,,,737
AK-Hoonah-Angoon,,,,586
AK-Juneau,,,,5958
AK-Kenai Peninsula,,,,14408
AK-Ketchikan Gateway,,,,2867
AK-Kodiak Island,,,,2070
AK-Kusilvak,,,,626
AK-Lake and Peninsula,,,,182
AK-Matanuska-Susitna,,,,18901
AK-Nome,,,,1012
AK-North Slope,,,,605
AK-Northwest Arctic,,,,659
AK-Petersburg,,,,933
AK-Prince of Wales-Hyder,,,,1190
AK-Sitka,,,,1691
AK-Skagway,,,,210
AK-Southeast Fairbanks,,,,1507
AK-UNKNOWN,,,,*
AK-Wrangell,,,,624
AK-Yakutat,,,,124
AK-Yukon-Koyukuk,,,,1017
AL-Autauga,,,,12391
AL-Baldwin,,,,64196
AL-Barbour,,,,6505
AL-Bibb,,,,4955
AL-Blount,,,,13429
AL-Bullock,,,,2432
AL-Butler,,,,5221
AL-Calhoun,,,,28769
AL-Chambers,,,,9361
AL-Cherokee,,,,7977
AL-Chilton,,,,10406
AL-Choctaw,,,,3959
AL-Clarke,,,,6662
AL-Clay,,,,3847
AL-Cleburne,,,,3762
AL-Coffee,,,,11977
AL-Colbert,,,,15108
AL-Conecuh,,,,3688
AL-Coosa,,,,3255
AL-Covington,,,,10668
AL-Crenshaw,,,,3653
AL-Cullman,,,,21725
AL-Dale,,,,11706
AL-Dallas,,,,10139
AL-DeKalb,,,,16539
AL-Elmore,,,,19812
AL-Escambia,,,,9266
AL-Etowah,,,,27579
AL-Fayette,,,,4701
AL-Franklin,,,,7047
AL-Geneva,,,,7343
AL-Greene,,,,2395
AL-Hale,,,,4272
AL-Henry,,,,5341
AL-Houston,,,,26516
AL-Jackson,,,,14214
AL-Jefferson,,,,141309
AL-Lamar,,,,3979
AL-Lauderdale,,,,24234
AL-Lawrence,,,,8296
AL-Lee,,,,29121
AL-Limestone,,,,21299
AL-Lowndes,,,,3178
AL-Macon,,,,4854
AL-Madison,,,,77483
AL-Marengo,,,,5616
AL-Marion,,,,7763
AL-Marshall,,,,22604
AL-Mobile,,,,92078
AL-Monroe,,,,5557
AL-Montgomery,,,,47047
AL-Morgan,,,,28249
AL-Perry,,,,2690
AL-Pickens,,,,5141
AL-Pike,,,,7018
AL-Randolph,,,,6470
AL-Russell,,,,12461
AL-Shelby,,,,44057
AL-St. Clair,,,,21280
AL-Sumter,,,,3329
AL-Talladega,,,,21119
AL-Tallapoosa,,,,12189
AL-Tuscaloosa,,,,39746
AL-UNKNOWN,,,,*
AL-Walker,,,,18012
AL-Washington,,,,4544
AL-Wilcox,,,,3330
AL-Winston,,,,6374
AR-Arkansas,,,,4347
AR-Ashley,,,,5378
AR-Baxter,,,,16023
AR-Benton,,,,51142
AR-Boone,,,,11058
AR-Bradley,,,,2596
AR-Calhoun,,,,1230
AR-Carroll,,,,8021
AR-Chicot,,,,2787
AR-Clark,,,,4971
AR-Clay,,,,4034
AR-Cleburne,,,,8863
AR-Cleveland,,,,2085
AR-Columbia,,,,5476
AR-Conway,,,,5588
AR-Craighead,,,,20694
AR-Crawford,,,,15230
AR-Crittenden,,,,10033
AR-Cross,,,,4123
AR-Dallas,,,,1995
AR-Desha,,,,2862
AR-Drew,,,,4060
AR-Faulkner,,,,23290
AR-Franklin,,,,4713
AR-Fulton,,,,3844
AR-Garland,,,,31422
AR-Grant,,,,4374
AR-Greene,,,,10271
AR-Hempstead,,,,4911
AR-Hot Spring,,,,8426
AR-Howard,,,,3288
AR-Independence,,,,9279
AR-Izard,,,,4430
AR-Jackson,,,,3988
AR-Jefferson,,,,16267
AR-Johnson,,,,6272
AR-Lafayette,,,,1892
AR-Lawrence,,,,4497
AR-Lee,,,,2046
AR-Lincoln,,,,2509
AR-Little River,,,,3355
AR-Logan,,,,6120
AR-Lonoke,,,,15233
AR-Madison,,,,4394
AR-Marion,,,,5889
AR-Miller,,,,9535
AR-Mississippi,,,,8600
AR-Monroe,,,,2054
AR-Montgomery,,,,2800
AR-Nevada,,,,2237
AR-Newton,,,,2392
AR-Ouachita,,,,6457
AR-Perry,,,,2868
AR-Phillips,,,,4302
AR-Pike,,,,2948
AR-Poinsett,,,,5811
AR-Polk,,,,5807
AR-Pope,,,,14125
AR-Prairie,,,,2241
AR-Pulaski,,,,85720
AR-Randolph,,,,4834
AR-Saline,,,,29446
AR-Scott,,,,2751
AR-Searcy,,,,2659
AR-Sebastian,,,,28900
AR-Sevier,,,,3088
AR-Sharp,,,,6276
AR-St. Francis,,,,5245
AR-Stone,,,,4525
AR-UNKNOWN,,,,*
AR-Union,,,,10012
AR-Van Buren,,,,5631
AR-Washington,,,,39994
AR-White,,,,18320
AR-Woodruff,,,,1882
AR-Yell,,,,5057
AZ-Apache,,,,15105
AZ-Cochise,,,,37511
AZ-Coconino,,,,24134
AZ-Gila,,,,18722
AZ-Graham,,,,6649
AZ-Greenlee,,,,1388
AZ-La Paz,,,,6734
AZ-Maricopa,,,,801458
AZ-Mohave,,,,77100
AZ-Navajo,,,,27857
AZ-Pima,,,,262356
AZ-Pinal,,,,98294
AZ-Santa Cruz,,,,11748
AZ-UNKNOWN,,,,*
AZ-Yavapai,,,,94902
AZ-Yuma,,,,44098
CA-Alameda,,,,273375
CA-Alpine,,,,280
CA-Amador,,,,12574
CA-Butte,,,,48808
CA-Calaveras,,,,14570
CA-Colusa,,,,4243
CA-Contra Costa,,,,223840
CA-Del Norte,,,,6938
CA-El Dorado,,,,51083
CA-Fresno,,,,158745
CA-Glenn,,,,6050
CA-Humboldt,,,,31749
CA-Imperial,,,,36264
CA-Inyo,,,,4833
CA-Kern,,,,133619
CA-Kings,,,,19490
CA-Lake,,,,18283
CA-Lassen,,,,5560
CA-Los Angeles,,,,1678944
CA-Madera,,,,27244
CA-Marin,,,,64429
CA-Mariposa,,,,5297
CA-Mendocino,,,,24724
CA-Merced,,,,41465
CA-Modoc,,,,2800
CA-Mono,,,,2200
CA-Monterey,,,,73816
CA-Napa,,,,32094
CA-Nevada,,,,31803
CA-Orange,,,,585248
CA-Placer,,,,98182
CA-Plumas,,,,6803
CA-Riverside,,,,436200
CA-Sacramento,,,,290673
CA-San Benito,,,,10580
CA-San Bernardino,,,,341101
CA-San Diego,,,,606776
CA-San Francisco,,,,160739
CA-San Joaquin,,,,126613
CA-San Luis Obispo,,,,73226
CA-San Mateo,,,,141301
CA-Santa Barbara,,,,85713
CA-Santa Clara,,,,303511
CA-Santa Cruz,,,,58262
CA-Shasta,,,,50190
CA-Sierra,,,,914
CA-Siskiyou,,,,14464
CA-Solano,,,,90937
CA-Sonoma,,,,119326
CA-Stanislaus,,,,95790
CA-Sutter,,,,19067
CA-Tehama,,,,15708
CA-Trinity,,,,3691
CA-Tulare,,,,70148
CA-Tuolumne,,,,17023
CA-UNKNOWN,,,,*
CA-Ventura,,,,173007
CA-Yolo,,,,36361
CA-Yuba,,,,14257
CO-Adams,,,,70390
CO-Alamosa,,,,3400
CO-Arapahoe,,,,106622
CO-Archuleta,,,,4663
CO-Baca,,,,989
CO-Bent,,,,1191
CO-Boulder,,,,60579
CO-Broomfield,,,,12993
CO-Chaffee,,,,6073
CO-Cheyenne,,,,412
CO-Clear Creek,,,,2083
CO-Conejos,,,,2097
CO-Costilla,,,,1359
CO-Crowley,,,,910
CO-Custer,,,,2115
CO-Delta,,,,10509
CO-Denver,,,,99131
CO-Dolores,,,,621
CO-Douglas,,,,59890
CO-Eagle,,,,7567
CO-El Paso,,,,125799
CO-Elbert,,,,6020
CO-Fremont,,,,13737
CO-Garfield,,,,10391
CO-Gilpin,,,,1275
CO-Grand,,,,3152
CO-Gunnison,,,,2894
CO-Hinsdale,,,,263
CO-Huerfano,,,,2716
CO-Jackson,,,,367
CO-Jefferson,,,,120455
CO-Kiowa,,,,356
CO-Kit Carson,,,,1677
CO-La Plata,,,,13159
CO-Lake,,,,1163
CO-Larimer,,,,74900
CO-Las Animas,,,,4605
CO-Lincoln,,,,1121
CO-Logan,,,,4680
CO-Mesa,,,,40630
CO-Mineral,,,,337
CO-Moffat,,,,2684
CO-Montezuma,,,,7744
CO-Montrose,,,,13028
CO-Morgan,,,,5694
CO-Otero,,,,4972
CO-Ouray,,,,1734
CO-Park,,,,4376
CO-Phillips,,,,1100
CO-Pitkin,,,,3491
CO-Prowers,,,,2677
CO-Pueblo,,,,41555
CO-Rio Blanco,,,,1450
CO-Rio Grande,,,,3458
CO-Routt,,,,4964
CO-Saguache,,,,1676
CO-San Juan,,,,182
CO-San Miguel,,,,1317
CO-Sedgwick,,,,780
CO-Summit,,,,4254
CO-Teller,,,,7502
CO-UNKNOWN,,,,*
CO-Washington,,,,1189
CO-Weld,,,,54538
CO-Yuma,,,,2085
CT-Capitol,,,,205490
CT-Greater Bridgeport,,,,45377
CT-Lower Connecticut River Valley,,,,44900
CT-Naugatuck Valley,,,,99419
CT-Northeastern Connecticut,,,,22202
CT-Northwest Hills,,,,30383
CT-South Central Connecticut,,,,121083
CT-Southeastern Connecticut,,,,64303
CT-UNKNOWN,,,,*
CT-Western Connecticut,,,,113650
DC-District of Columbia,,,,99522
DE-Kent,,,,43285
DE-New Castle,,,,115247
DE-Sussex,,,,89749
DE-UNKNOWN,,,,*
FL-Alachua,,,,52503
FL-Baker,,,,5634
FL-Bay,,,,42551
FL-Bradford,,,,6422
FL-Brevard,,,,179939
FL-Broward,,,,372066
FL-Calhoun,,,,3309
FL-Charlotte,,,,80242
FL-Citrus,,,,67182
FL-Clay,,,,50547
FL-Collier,,,,120371
FL-Columbia,,,,18696
FL-DeSoto,,,,8077
FL-Dixie,,,,4899
FL-Duval,,,,190777
FL-Escambia,,,,77384
FL-Flagler,,,,46286
FL-Franklin,,,,3575
FL-Gadsden,,,,11441
FL-Gilchrist,,,,4766
FL-Glades,,,,2956
FL-Gulf,,,,4371
FL-Hamilton,,,,3384
FL-Hardee,,,,4710
FL-Hendry,,,,7146
FL-Hernando,,,,64869
FL-Highlands,,,,37833
FL-Hillsborough,,,,272584
FL-Holmes,,,,4855
FL-Indian River,,,,62398
FL-Jackson,,,,12257
FL-Jefferson,,,,4172
FL-Lafayette,,,,1592
FL-Lake,,,,122428
FL-Lee,,,,224623
FL-Leon,,,,52826
FL-Levy,,,,14032
FL-Liberty,,,,1562
FL-Madison,,,,5048
FL-Manatee,,,,121811
FL-Marion,,,,134760
FL-Martin,,,,52659
FL-Miami-Dade,,,,519469
FL-Monroe,,,,19191
FL-Nassau,,,,28165
FL-Okaloosa,,,,46486
FL-Okeechobee,,,,9632
FL-Orange,,,,219597
FL-Osceola,,,,72419
FL-Palm Beach,,,,368151
FL-Pasco,,,,152233
FL-Pinellas,,,,271325
FL-Polk,,,,180949
FL-Putnam,,,,22024
FL-Santa Rosa,,,,42351
FL-Sarasota,,,,166143
FL-Seminole,,,,91235
FL-St. Johns,,,,73732
FL-St. Lucie,,,,96672
FL-Sumter,,,,86494
FL-Suwannee,,,,12594
FL-Taylor,,,,5492
FL-UNKNOWN,,,,*
FL-Union,,,,2541
FL-Volusia,,,,171051
FL-Wakulla,,,,7675
FL-Walton,,,,19520
FL-Washington,,,,6154
GA-Appling,,,,4227
GA-Atkinson,,,,1488
GA-Bacon,,,,2294
GA-Baker,,,,758
GA-Baldwin,,,,9814
GA-Banks,,,,4215
GA-Barrow,,,,15811
GA-Bartow,,,,21550
GA-Ben Hill,,,,4091
GA-Berrien,,,,4173
GA-Bibb,,,,33881
GA-Bleckley,,,,2817
GA-Brantley,,,,3873
GA-Brooks,,,,4264
GA-Bryan,,,,7398
GA-Bulloch,,,,12333
GA-Burke,,,,5332
GA-Butts,,,,5523
GA-Calhoun,,,,1310
GA-Camden,,,,10957
GA-Candler,,,,2517
GA-Carroll,,,,24319
GA-Catoosa,,,,14971
GA-Charlton,,,,2410
GA-Chatham,,,,57307
GA-Chattahoochee,,,,709
GA-Chattooga,,,,6290
GA-Cherokee,,,,52529
GA-Clarke,,,,19248
GA-Clay,,,,852
GA-Clayton,,,,40310
GA-Clinch,,,,1548
GA-Cobb,,,,119856
GA-Coffee,,,,7868
GA-Colquitt,,,,9366
GA-Columbia,,,,28940
GA-Cook,,,,3753
GA-Coweta,,,,28816
GA-Crawford,,,,2859
GA-Crisp,,,,4769
GA-Dade,,,,4039
GA-Dawson,,,,6749
GA-DeKalb,,,,118403
GA-Decatur,,,,6241
GA-Dodge,,,,4542
GA-Dooly,,,,2301
GA-Dougherty,,,,18695
GA-Douglas,,,,23504
GA-Early,,,,2525
GA-Echols,,,,586
GA-Effingham,,,,11528
GA-Elbert,,,,5574
GA-Emanuel,,,,5303
GA-Evans,,,,2370
GA-Fannin,,,,9209
GA-Fayette,,,,28129
GA-Floyd,,,,22373
GA-Forsyth,,,,36360
GA-Franklin,,,,6009
GA-Fulton,,,,156103
GA-Gilmer,,,,9849
GA-Glascock,,,,685
GA-Glynn,,,,21646
GA-Gordon,,,,12103
GA-Grady,,,,5781
GA-Greene,,,,7284
GA-Gwinnett,,,,127076
GA-Habersham,,,,11123
GA-Hall,,,,40695
GA-Hancock,,,,2489
GA-Haralson,,,,6785
GA-Harris,,,,8340
GA-Hart,,,,7353
GA-Heard,,,,2483
GA-Henry,,,,40581
GA-Houston,,,,29756
GA-Irwin,,,,2054
GA-Jackson,,,,17235
GA-Jasper,,,,3532
GA-Jeff Davis,,,,2978
GA-Jefferson,,,,4126
GA-Jenkins,,,,1925
GA-Johnson,,,,2074
GA-Jones,,,,6080
GA-Lamar,,,,4592
GA-Lanier,,,,1816
GA-Laurens,,,,11661
GA-Lee,,,,5798
GA-Liberty,,,,9338
GA-Lincoln,,,,2431
GA-Long,,,,2205
GA-Lowndes,,,,21454
GA-Lumpkin,,,,7718
GA-Macon,,,,2780
GA-Madison,,,,7252
GA-Marion,,,,1834
GA-McDuffie,,,,5452
GA-McIntosh,,,,3724
GA-Meriwether,,,,5890
GA-Miller,,,,1531
GA-Mitchell,,,,4874
GA-Monroe,,,,6855
GA-Montgomery,,,,1889
GA-Morgan,,,,5297
GA-Murray,,,,8451
GA-Muscogee,,,,39127
GA-Newton,,,,21618
GA-Oconee,,,,8108
GA-Oglethorpe,,,,3699
GA-Paulding,,,,26086
GA-Peach,,,,6609
GA-Pickens,,,,10773
GA-Pierce,,,,4549
GA-Pike,,,,4154
GA-Polk,,,,9640
GA-Pulaski,,,,2274
GA-Putnam,,,,6611
GA-Quitman,,,,813
GA-Rabun,,,,5873
GA-Randolph,,,,1755
GA-Richmond,,,,40835
GA-Rockdale,,,,17758
GA-Schley,,,,888
GA-Screven,,,,3717
GA-Seminole,,,,2424
GA-Spalding,,,,16760
GA-Stephens,,,,7582
GA-Stewart,,,,1170
GA-Sumter,,,,6630
GA-Talbot,,,,1822
GA-Taliaferro,,,,521
GA-Tattnall,,,,4406
GA-Taylor,,,,1965
GA-Telfair,,,,2642
GA-Terrell,,,,2388
GA-Thomas,,,,11340
GA-Tift,,,,8498
GA-Toombs,,,,6108
GA-Towns,,,,5704
GA-Treutlen,,,,1480
GA-Troup,,,,14616
GA-Turner,,,,2057
GA-Twiggs,,,,2465
GA-UNKNOWN,,,,*
GA-Union,,,,10636
GA-Upson,,,,6977
GA-Walker,,,,16509
GA-Walton,,,,21458
GA-Ware,,,,8680
GA-Warren,,,,1590
GA-Washington,,,,4857
GA-Wayne,,,,6565
GA-Webster,,,,617
GA-Wheeler,,,,1190
GA-White,,,,8294
GA-Whitfield,,,,18999
GA-Wilcox,,,,1852
GA-Wilkes,,,,2939
GA-Wilkinson,,,,2535
GA-Worth,,,,4731
HI-Hawaii,,,,53037
HI-Honolulu,,,,207249
HI-Kalawao,,,,*
HI-Kauai,,,,17798
HI-Maui,,,,35871
HI-UNKNOWN,,,,*
IA-Adair,,,,1988
IA-Adams,,,,1111
IA-Allamakee,,,,3767
IA-Appanoose,,,,3564
IA-Audubon,,,,1654
IA-Benton,,,,6017
IA-Black Hawk,,,,29116
IA-Boone,,,,6448
IA-Bremer,,,,5981
IA-Buchanan,,,,4824
IA-Buena Vista,,,,3934
IA-Butler,,,,4056
IA-Calhoun,,,,2767
IA-Carroll,,,,5397
IA-Cass,,,,3922
IA-Cedar,,,,4482
IA-Cerro Gordo,,,,12144
IA-Cherokee,,,,3300
IA-Chickasaw,,,,3084
IA-Clarke,,,,2252
IA-Clay,,,,4427
IA-Clayton,,,,5104
IA-Clinton,,,,11766
IA-Crawford,,,,3567
IA-Dallas,,,,15457
IA-Davis,,,,1872
IA-Decatur,,,,1944
IA-Delaware,,,,4330
IA-Des Moines,,,,10312
IA-Dickinson,,,,5854
IA-Dubuque,,,,23120
IA-Emmet,,,,2522
IA-Fayette,,,,5401
IA-Floyd,,,,4165
IA-Franklin,,,,2561
IA-Fremont,,,,1944
IA-Greene,,,,2547
IA-Grundy,,,,3141
IA-Guthrie,,,,3084
IA-Hamilton,,,,3648
IA-Hancock,,,,2820
IA-Hardin,,,,4559
IA-Harrison,,,,3672
IA-Henry,,,,4793
IA-Howard,,,,2441
IA-Humboldt,,,,2480
IA-Ida,,,,1805
IA-Iowa,,,,4065
IA-Jackson,,,,5371
IA-Jasper,,,,9017
IA-Jefferson,,,,4948
IA-Johnson,,,,24764
IA-Jones,,,,5076
IA-Keokuk,,,,2672
IA-Kossuth,,,,4151
IA-Lee,,,,9060
IA-Linn,,,,47152
IA-Louisa,,,,2581
IA-Lucas,,,,2305
IA-Lyon,,,,2578
IA-Madison,,,,3701
IA-Mahaska,,,,5007
IA-Marion,,,,7938
IA-Marshall,,,,9118
IA-Mills,,,,3534
IA-Mitchell,,,,2650
IA-Monona,,,,2509
IA-Monroe,,,,1932
IA-Montgomery,,,,2892
IA-Muscatine,,,,9489
IA-O'Brien,,,,3605
IA-Osceola,,,,1540
IA-Page,,,,4238
IA-Palo Alto,,,,2453
IA-Plymouth,,,,5894
IA-Pocahontas,,,,1987
IA-Polk,,,,88103
IA-Pottawattamie,,,,21973
IA-Poweshiek,,,,4665
IA-Ringgold,,,,1369
IA-Sac,,,,2762
IA-Scott,,,,37119
IA-Shelby,,,,3336
IA-Sioux,,,,6713
IA-Story,,,,15841
IA-Tama,,,,4250
IA-Taylor,,,,1629
IA-UNKNOWN,,,,*
IA-Union,,,,3161
IA-Van Buren,,,,1981
IA-Wapello,,,,8135
IA-Warren,,,,11054
IA-Washington,,,,5476
IA-Wayne,,,,1698
IA-Webster,,,,8622
IA-Winnebago,,,,2818
IA-Winneshiek,,,,5356
IA-Woodbury,,,,20401
IA-Worth,,,,1923
IA-Wright,,,,3250
ID-Ada,,,,99778
ID-Adams,,,,1582
ID-Bannock,,,,17573
ID-Bear Lake,,,,1631
ID-Benewah,,,,3185
ID-Bingham,,,,9284
ID-Blaine,,,,6068
ID-Boise,,,,2610
ID-Bonner,,,,15309
ID-Bonneville,,,,21977
ID-Boundary,,,,4024
ID-Butte,,,,762
ID-Camas,,,,303
ID-Canyon,,,,46190
ID-Caribou,,,,1562
ID-Cassia,,,,4592
ID-Clark,,,,146
ID-Clearwater,,,,3086
ID-Custer,,,,1489
ID-Elmore,,,,5422
ID-Franklin,,,,2754
ID-Fremont,,,,2897
ID-Gem,,,,5647
ID-Gooding,,,,3474
ID-Idaho,,,,5704
ID-Jefferson,,,,5039
ID-Jerome,,,,4211
ID-Kootenai,,,,45970
ID-Latah,,,,7423
ID-Lemhi,,,,3017
ID-Lewis,,,,1683
ID-Lincoln,,,,1008
ID-Madison,,,,3857
ID-Minidoka,,,,4440
ID-Nez Perce,,,,11405
ID-Oneida,,,,1188
ID-Owyhee,,,,2686
ID-Payette,,,,6529
ID-Power,,,,1546
ID-Shoshone,,,,4132
ID-Teton,,,,1923
ID-Twin Falls,,,,18986
ID-UNKNOWN,,,,*
ID-Valley,,,,3540
ID-Washington,,,,3424
IL-Adams,,,,16004
IL-Alexander,,,,1606
IL-Bond,,,,3888
IL-Boone,,,,10942
IL-Brown,,,,1155
IL-Bureau,,,,8866
IL-Calhoun,,,,1251
IL-Carroll,,,,4496
IL-Cass,,,,2742
IL-Champaign,,,,33141
IL-Christian,,,,8325
IL-Clark,,,,3987
IL-Clay,,,,3469
IL-Clinton,,,,8420
IL-Coles,,,,10634
IL-Cook,,,,890924
IL-Crawford,,,,4711
IL-Cumberland,,,,2659
IL-DeKalb,,,,18103
IL-DeWitt,,,,3929
IL-Douglas,,,,4314
IL-DuPage,,,,180209
IL-Edgar,,,,4610
IL-Edwards,,,,1592
IL-Effingham,,,,8266
IL-Fayette,,,,4753
IL-Ford,,,,3376
IL-Franklin,,,,10119
IL-Fulton,,,,8725
IL-Gallatin,,,,1443
IL-Greene,,,,3164
IL-Grundy,,,,10064
IL-Hamilton,,,,2030
IL-Hancock,,,,5014
IL-Hardin,,,,1086
IL-Henderson,,,,1810
IL-Henry,,,,12579
IL-Iroquois,,,,7328
IL-Jackson,,,,11164
IL-Jasper,,,,2436
IL-Jefferson,,,,9076
IL-Jersey,,,,5595
IL-Jo Daviess,,,,7051
IL-Johnson,,,,3229
IL-Kane,,,,91799
IL-Kankakee,,,,23653
IL-Kendall,,,,18632
IL-Knox,,,,12958
IL-LaSalle,,,,26759
IL-Lake,,,,129671
IL-Lawrence,,,,3411
IL-Lee,,,,8518
IL-Livingston,,,,8528
IL-Logan,,,,6413
IL-Macon,,,,25556
IL-Macoupin,,,,12110
IL-Madison,,,,60283
IL-Marion,,,,9980
IL-Marshall,,,,3263
IL-Mason,,,,3584
IL-Massac,,,,3857
IL-McDonough,,,,6167
IL-McHenry,,,,62591
IL-McLean,,,,30284
IL-Menard,,,,3049
IL-Mercer,,,,4072
IL-Monroe,,,,8309
IL-Montgomery,,,,7231
IL-Morgan,,,,8273
IL-Moultrie,,,,3282
IL-Ogle,,,,12009
IL-Peoria,,,,38814
IL-Perry,,,,4917
IL-Piatt,,,,4146
IL-Pike,,,,3902
IL-Pope,,,,1217
IL-Pulaski,,,,1469
IL-Putnam,,,,1620
IL-Randolph,,,,7488
IL-Richland,,,,3922
IL-Rock Island,,,,33311
IL-Saline,,,,6396
IL-Sangamon,,,,45507
IL-Schuyler,,,,1783
IL-Scott,,,,1208
IL-Shelby,,,,5673
IL-St. Clair,,,,54253
IL-Stark,,,,1408
IL-Stephenson,,,,12452
IL-Tazewell,,,,31293
IL-UNKNOWN,,,,*
IL-Union,,,,4706
IL-Vermilion,,,,18137
IL-Wabash,,,,2987
IL-Warren,,,,4075
IL-Washington,,,,3513
IL-Wayne,,,,4026
IL-White,,,,3786
IL-Whiteside,,,,14855
IL-Will,,,,120864
IL-Williamson,,,,16522
IL-Winnebago,,,,63776
IL-Woodford,,,,8767
IN-Adams,,,,6823
IN-Allen,,,,75386
IN-Bartholomew,,,,17313
IN-Benton,,,,2066
IN-Blackford,,,,3297
IN-Boone,,,,13616
IN-Brown,,,,4606
IN-Carroll,,,,4767
IN-Cass,,,,8603
IN-Clark,,,,26700
IN-Clay,,,,6690
IN-Clinton,,,,6927
IN-Crawford,,,,2912
IN-Daviess,,,,6062
IN-DeKalb,,,,9816
IN-Dearborn,,,,12121
IN-Decatur,,,,6197
IN-Delaware,,,,25347
IN-Dubois,,,,10223
IN-Elkhart,,,,37923
IN-Fayette,,,,6649
IN-Floyd,,,,17996
IN-Fountain,,,,4351
IN-Franklin,,,,5520
IN-Fulton,,,,5120
IN-Gibson,,,,7871
IN-Grant,,,,16752
IN-Greene,,,,8083
IN-Hamilton,,,,58725
IN-Hancock,,,,18004
IN-Harrison,,,,9808
IN-Hendricks,,,,32623
IN-Henry,,,,12132
IN-Howard,,,,20998
IN-Huntington,,,,9279
IN-Jackson,,,,9900
IN-Jasper,,,,7861
IN-Jay,,,,4819
IN-Jefferson,,,,8054
IN-Jennings,,,,6530
IN-Johnson,,,,31987
IN-Knox,,,,8617
IN-Kosciusko,,,,17634
IN-LaGrange,,,,6293
IN-LaPorte,,,,25948
IN-Lake,,,,104405
IN-Lawrence,,,,11619
IN-Madison,,,,31716
IN-Marion,,,,159784
IN-Marshall,,,,10440
IN-Martin,,,,2635
IN-Miami,,,,8008
IN-Monroe,,,,23920
IN-Montgomery,,,,9087
IN-Morgan,,,,17533
IN-Newton,,,,3485
IN-Noble,,,,10247
IN-Ohio,,,,1661
IN-Orange,,,,5122
IN-Owen,,,,5562
IN-Parke,,,,3989
IN-Perry,,,,4745
IN-Pike,,,,3088
IN-Porter,,,,38533
IN-Posey,,,,6284
IN-Pulaski,,,,3385
IN-Putnam,,,,8293
IN-Randolph,,,,6309
IN-Ripley,,,,7071
IN-Rush,,,,4044
IN-Scott,,,,5928
IN-Shelby,,,,10506
IN-Spencer,,,,5105
IN-St. Joseph,,,,54922
IN-Starke,,,,6291
IN-Steuben,,,,9111
IN-Sullivan,,,,4839
IN-Switzerland,,,,2286
IN-Tippecanoe,,,,28405
IN-Tipton,,,,3929
IN-UNKNOWN,,,,*
IN-Union,,,,1831
IN-Vanderburgh,,,,40891
IN-Vermillion,,,,4091
IN-Vigo,,,,23842
IN-Wabash,,,,8502
IN-Warren,,,,2079
IN-Warrick,,,,14932
IN-Washington,,,,6763
IN-Wayne,,,,16893
IN-Wells,,,,6733
IN-White,,,,6511
IN-Whitley,,,,8292
KS-Allen,,,,3314
KS-Anderson,,,,2011
KS-Atchison,,,,3718
KS-Barber,,,,1280
KS-Barton,,,,6164
KS-Bourbon,,,,3489
KS-Brown,,,,2601
KS-Butler,,,,13939
KS-Chase,,,,727
KS-Chautauqua,,,,1003
KS-Cherokee,,,,4908
KS-Cheyenne,,,,814
KS-Clark,,,,494
KS-Clay,,,,2254
KS-Cloud,,,,2345
KS-Coffey,,,,2240
KS-Comanche,,,,520
KS-Cowley,,,,7911
KS-Crawford,,,,7968
KS-Decatur,,,,883
KS-Dickinson,,,,4811
KS-Doniphan,,,,1848
KS-Douglas,,,,20752
KS-Edwards,,,,791
KS-Elk,,,,807
KS-Ellis,,,,6039
KS-Ellsworth,,,,1594
KS-Finney,,,,5326
KS-Ford,,,,4565
KS-Franklin,,,,6055
KS-Geary,,,,4564
KS-Gove,,,,723
KS-Graham,,,,760
KS-Grant,,,,1243
KS-Gray,,,,1188
KS-Greeley,,,,309
KS-Greenwood,,,,1866
KS-Hamilton,,,,432
KS-Harper,,,,1500
KS-Harvey,,,,8538
KS-Haskell,,,,668
KS-Hodgeman,,,,442
KS-Jackson,,,,3131
KS-Jefferson,,,,4616
KS-Jewell,,,,954
KS-Johnson,,,,115200
KS-Kearny,,,,676
KS-Kingman,,,,2047
KS-Kiowa,,,,638
KS-Labette,,,,5164
KS-Lane,,,,453
KS-Leavenworth,,,,15967
KS-Lincoln,,,,906
KS-Linn,,,,2656
KS-Logan,,,,705
KS-Lyon,,,,6715
KS-Marion,,,,3266
KS-Marshall,,,,2782
KS-McPherson,,,,7386
KS-Meade,,,,852
KS-Miami,,,,7664
KS-Mitchell,,,,1707
KS-Montgomery,,,,8059
KS-Morris,,,,1560
KS-Morton,,,,593
KS-Nemaha,,,,2460
KS-Neosho,,,,3876
KS-Ness,,,,852
KS-Norton,,,,1242
KS-Osage,,,,4357
KS-Osborne,,,,1060
KS-Ottawa,,,,1497
KS-Pawnee,,,,1592
KS-Phillips,,,,1531
KS-Pottawatomie,,,,4903
KS-Pratt,,,,2285
KS-Rawlins,,,,740
KS-Reno,,,,15448
KS-Republic,,,,1480
KS-Rice,,,,2246
KS-Riley,,,,9266
KS-Rooks,,,,1386
KS-Rush,,,,934
KS-Russell,,,,1987
KS-Saline,,,,12635
KS-Scott,,,,1077
KS-Sedgwick,,,,101737
KS-Seward,,,,2616
KS-Shawnee,,,,42525
KS-Sheridan,,,,652
KS-Sherman,,,,1438
KS-Smith,,,,1224
KS-Stafford,,,,1074
KS-Stanton,,,,379
KS-Stevens,,,,922
KS-Sumner,,,,5537
KS-Thomas,,,,1707
KS-Trego,,,,877
KS-UNKNOWN,,,,*
KS-Wabaunsee,,,,1771
KS-Wallace,,,,376
KS-Washington,,,,1507
KS-Wichita,,,,462
KS-Wilson,,,,2439
KS-Woodson,,,,901
KS-Wyandotte,,,,26407
KY-Adair,,,,4742
KY-Allen,,,,4991
KY-Anderson,,,,5321
KY-Ballard,,,,2223
KY-Barren,,,,11031
KY-Bath,,,,3125
KY-Bell,,,,6811
KY-Boone,,,,24868
KY-Bourbon,,,,4896
KY-Boyd,,,,12463
KY-Boyle,,,,7564
KY-Bracken,,,,2189
KY-Breathitt,,,,3467
KY-Breckinridge,,,,5384
KY-Bullitt,,,,18066
KY-Butler,,,,3120
KY-Caldwell,,,,3521
KY-Calloway,,,,8755
KY-Campbell,,,,19366
KY-Carlisle,,,,1291
KY-Carroll,,,,2483
KY-Carter,,,,7266
KY-Casey,,,,4163
KY-Christian,,,,12331
KY-Clark,,,,8911
KY-Clay,,,,4953
KY-Clinton,,,,2637
KY-Crittenden,,,,2279
KY-Cumberland,,,,1967
KY-Daviess,,,,24108
KY-Edmonson,,,,3068
KY-Elliott,,,,1418
KY-Estill,,,,3817
KY-Fayette,,,,55820
KY-Fleming,,,,3771
KY-Floyd,,,,10450
KY-Franklin,,,,15220
KY-Fulton,,,,1808
KY-Gallatin,,,,1790
KY-Garrard,,,,4386
KY-Grant,,,,5496
KY-Graves,,,,9119
KY-Grayson,,,,6895
KY-Green,,,,3071
KY-Greenup,,,,9953
KY-Hancock,,,,2187
KY-Hardin,,,,23061
KY-Harlan,,,,7438
KY-Harrison,,,,4811
KY-Hart,,,,4627
KY-Henderson,,,,11077
KY-Henry,,,,4035
KY-Hickman,,,,1283
KY-Hopkins,,,,11531
KY-Jackson,,,,3420
KY-Jefferson,,,,163022
KY-Jessamine,,,,11220
KY-Johnson,,,,6260
KY-Kenton,,,,32765
KY-Knott,,,,3933
KY-Knox,,,,7911
KY-Larue,,,,3664
KY-Laurel,,,,14847
KY-Lawrence,,,,4195
KY-Lee,,,,1852
KY-Leslie,,,,2933
KY-Letcher,,,,6190
KY-Lewis,,,,3408
KY-Lincoln,,,,6353
KY-Livingston,,,,2771
KY-Logan,,,,6751
KY-Lyon,,,,2533
KY-Madison,,,,19122
KY-Magoffin,,,,3357
KY-Marion,,,,4615
KY-Marshall,,,,9273
KY-Martin,,,,2797
KY-Mason,,,,4360
KY-McCracken,,,,17599
KY-McCreary,,,,4035
KY-McLean,,,,2515
KY-Meade,,,,6061
KY-Menifee,,,,1856
KY-Mercer,,,,5838
KY-Metcalfe,,,,2787
KY-Monroe,,,,2821
KY-Montgomery,,,,6455
KY-Morgan,,,,3248
KY-Muhlenberg,,,,8030
KY-Nelson,,,,11292
KY-Nicholas,,,,1797
KY-Ohio,,,,5953
KY-Oldham,,,,11797
KY-Owen,,,,2544
KY-Owsley,,,,1192
KY-Pendleton,,,,3516
KY-Perry,,,,7091
KY-Pike,,,,16807
KY-Powell,,,,3351
KY-Pulaski,,,,18394
KY-Robertson,,,,618
KY-Rockcastle,,,,4313
KY-Rowan,,,,5186
KY-Russell,,,,4996
KY-Scott,,,,10084
KY-Shelby,,,,10063
KY-Simpson,,,,4488
KY-Spencer,,,,4185
KY-Taylor,,,,6576
KY-Todd,,,,2687
KY-Trigg,,,,4185
KY-Trimble,,,,2134
KY-UNKNOWN,,,,*
KY-Union,,,,3413
KY-Warren,,,,23887
KY-Washington,,,,3015
KY-Wayne,,,,5465
KY-Webster,,,,3297
KY-Whitley,,,,9329
KY-Wolfe,,,,2014
KY-Woodford,,,,6636
LA-Acadia,,,,13173
LA-Allen,,,,4830
LA-Ascension,,,,21199
LA-Assumption,,,,5343
LA-Avoyelles,,,,9471
LA-Beauregard,,,,7966
LA-Bienville,,,,3582
LA-Bossier,,,,23889
LA-Caddo,,,,54071
LA-Calcasieu,,,,39504
LA-Caldwell,,,,2436
LA-Cameron,,,,1160
LA-Catahoula,,,,2496
LA-Claiborne,,,,3654
LA-Concordia,,,,4455
LA-DeSoto,,,,6654
LA-East Baton Rouge,,,,83977
LA-East Carroll,,,,1405
LA-East Feliciana,,,,4707
LA-Evangeline,,,,7479
LA-Franklin,,,,4813
LA-Grant,,,,4553
LA-Iberia,,,,15984
LA-Iberville,,,,6874
LA-Jackson,,,,3832
LA-Jefferson,,,,95478
LA-Jefferson Davis,,,,7182
LA-LaSalle,,,,3279
LA-Lafayette,,,,46516
LA-Lafourche,,,,20417
LA-Lincoln,,,,8210
LA-Livingston,,,,25149
LA-Madison,,,,2138
LA-Morehouse,,,,6854
LA-Natchitoches,,,,8259
LA-Orleans,,,,69874
LA-Ouachita,,,,31358
LA-Plaquemines,,,,4105
LA-Pointe Coupee,,,,5564
LA-Rapides,,,,29724
LA-Red River,,,,1884
LA-Richland,,,,4871
LA-Sabine,,,,5880
LA-St. Bernard,,,,7543
LA-St. Charles,,,,10308
LA-St. Helena,,,,2859
LA-St. James,,,,4916
LA-St. John the Baptist,,,,8872
LA-St. Landry,,,,19981
LA-St. Martin,,,,11985
LA-St. Mary,,,,11642
LA-St. Tammany,,,,61207
LA-Tangipahoa,,,,27175
LA-Tensas,,,,1238
LA-Terrebonne,,,,22452
LA-UNKNOWN,,,,*
LA-Union,,,,5823
LA-Vermilion,,,,12681
LA-Vernon,,,,8353
LA-Washington,,,,11305
LA-Webster,,,,10057
LA-West Baton Rouge,,,,5293
LA-West Carroll,,,,2795
LA-West Feliciana,,,,2451
LA-Winn,,,,3153
MA-Barnstable,,,,86799
MA-Berkshire,,,,38566
MA-Bristol,,,,134090
MA-Dukes,,,,5673
MA-Essex,,,,178762
MA-Franklin,,,,21177
MA-Hampden,,,,111398
MA-Hampshire,,,,38860
MA-Middlesex,,,,302621
MA-Nantucket,,,,2362
MA-Norfolk,,,,148654
MA-Plymouth,,,,128506
MA-Suffolk,,,,114743
MA-UNKNOWN,,,,*
MA-Worcester,,,,179173
MD-Allegany,,,,17691
MD-Anne Arundel,,,,108231
MD-Baltimore,,,,176493
MD-Baltimore City,,,,105059
MD-Calvert,,,,18648
MD-Caroline,,,,7388
MD-Carroll,,,,37422
MD-Cecil,,,,21849
MD-Charles,,,,28294
MD-Dorchester,,,,9107
MD-Frederick,,,,50797
MD-Garrett,,,,7935
MD-Harford,,,,55359
MD-Howard,,,,56613
MD-Kent,,,,6352
MD-Montgomery,,,,192671
MD-Prince George's,,,,150852
MD-Queen Anne's,,,,12512
MD-Somerset,,,,5631
MD-St. Mary's,,,,19518
MD-Talbot,,,,12366
MD-UNKNOWN,,,,*
MD-Washington,,,,34455
MD-Wicomico,,,,22267
MD-Worcester,,,,17004
ME-Androscoggin,,,,27323
ME-Aroostook,,,,21828
ME-Cumberland,,,,75613
ME-Franklin,,,,9079
ME-Hancock,,,,17526
ME-Kennebec,,,,35266
ME-Knox,,,,13509
ME-Lincoln,,,,12615
ME-Oxford,,,,17885
ME-Penobscot,,,,41110
ME-Piscataquis,,,,6012
ME-Sagadahoc,,,,11061
ME-Somerset,,,,15561
ME-UNKNOWN,,,,*
ME-Waldo,,,,12668
ME-Washington,,,,10477
ME-York,,,,59579
MI-Alcona,,,,4677
MI-Alger,,,,2933
MI-Allegan,,,,27063
MI-Alpena,,,,9668
MI-Antrim,,,,8438
MI-Arenac,,,,5346
MI-Baraga,,,,2347
MI-Barry,,,,15236
MI-Bay,,,,29138
MI-Benzie,,,,6221
MI-Berrien,,,,39739
MI-Branch,,,,10632
MI-Calhoun,,,,32566
MI-Cass,,,,13839
MI-Charlevoix,,,,8570
MI-Cheboygan,,,,8953
MI-Chippewa,,,,8975
MI-Clare,,,,10411
MI-Clinton,,,,17509
MI-Crawford,,,,4506
MI-Delta,,,,11710
MI-Dickinson,,,,7678
MI-Eaton,,,,26664
MI-Emmet,,,,10430
MI-Genesee,,,,97804
MI-Gladwin,,,,8913
MI-Gogebic,,,,4762
MI-Grand Traverse,,,,25599
MI-Gratiot,,,,9424
MI-Hillsdale,,,,11872
MI-Houghton,,,,8188
MI-Huron,,,,10335
MI-Ingham,,,,53194
MI-Ionia,,,,13229
MI-Iosco,,,,9753
MI-Iron,,,,4295
MI-Isabella,,,,12515
MI-Jackson,,,,38515
MI-Kalamazoo,,,,54615
MI-Kalkaska,,,,5282
MI-Kent,,,,122709
MI-Keweenaw,,,,859
MI-Lake,,,,4401
MI-Lapeer,,,,22254
MI-Leelanau,,,,8382
MI-Lenawee,,,,25207
MI-Livingston,,,,45131
MI-Luce,,,,1775
MI-Mackinac,,,,3971
MI-Macomb,,,,197295
MI-Manistee,,,,8537
MI-Marquette,,,,16909
MI-Mason,,,,9349
MI-Mecosta,,,,10715
MI-Menominee,,,,7128
MI-Midland,,,,20701
MI-Missaukee,,,,4304
MI-Monroe,,,,37987
MI-Montcalm,,,,16071
MI-Montmorency,,,,4264
MI-Muskegon,,,,43167
MI-Newaygo,,,,13477
MI-Oakland,,,,274261
MI-Oceana,,,,7647
MI-Ogemaw,,,,7480
MI-Ontonagon,,,,2555
MI-Osceola,,,,6709
MI-Oscoda,,,,3263
MI-Otsego,,,,7296
MI-Ottawa,,,,60319
MI-Presque Isle,,,,5386
MI-Roscommon,,,,10361
MI-Saginaw,,,,48927
MI-Sanilac,,,,11697
MI-Schoolcraft,,,,2958
MI-Shiawassee,,,,17691
MI-St. Clair,,,,41747
MI-St. Joseph,,,,14268
MI-Tuscola,,,,14843
MI-UNKNOWN,,,,*
MI-Van Buren,,,,19354
MI-Washtenaw,,,,68205
MI-Wayne,,,,355133
MI-Wexford,,,,9249
MN-Aitkin,,,,6271
MN-Anoka,,,,67205
MN-Becker,,,,9509
MN-Beltrami,,,,10246
MN-Benton,,,,8323
MN-Big Stone,,,,1579
MN-Blue Earth,,,,13183
MN-Brown,,,,6903
MN-Carlton,,,,8817
MN-Carver,,,,18403
MN-Cass,,,,9974
MN-Chippewa,,,,3066
MN-Chisago,,,,12407
MN-Clay,,,,11458
MN-Clearwater,,,,2239
MN-Cook,,,,1923
MN-Cottonwood,,,,3136
MN-Crow Wing,,,,20013
MN-Dakota,,,,82612
MN-Dodge,,,,4032
MN-Douglas,,,,11828
MN-Faribault,,,,4002
MN-Fillmore,,,,5528
MN-Freeborn,,,,8401
MN-Goodhue,,,,12104
MN-Grant,,,,1699
MN-Hennepin,,,,223960
MN-Houston,,,,5172
MN-Hubbard,,,,6722
MN-Isanti,,,,9025
MN-Itasca,,,,13897
MN-Jackson,,,,2574
MN-Kanabec,,,,4343
MN-Kandiyohi,,,,10773
MN-Kittson,,,,1238
MN-Koochiching,,,,3968
MN-Lac qui Parle,,,,1979
MN-Lake,,,,3445
MN-Lake of the Woods,,,,1265
MN-Le Sueur,,,,6401
MN-Lincoln,,,,1613
MN-Lyon,,,,5425
MN-Mahnomen,,,,1252
MN-Marshall,,,,2337
MN-Martin,,,,5810
MN-McLeod,,,,8685
MN-Meeker,,,,5819
MN-Mille Lacs,,,,6841
MN-Morrison,,,,8944
MN-Mower,,,,9074
MN-Murray,,,,2490
MN-Nicollet,,,,6920
MN-Nobles,,,,4229
MN-Norman,,,,1748
MN-Olmsted,,,,31514
MN-Otter Tail,,,,18078
MN-Pennington,,,,3158
MN-Pine,,,,8155
MN-Pipestone,,,,2360
MN-Polk,,,,7230
MN-Pope,,,,3369
MN-Ramsey,,,,100198
MN-Red Lake,,,,1004
MN-Redwood,,,,3841
MN-Renville,,,,3820
MN-Rice,,,,13189
MN-Rock,,,,2359
MN-Roseau,,,,3638
MN-Scott,,,,22883
MN-Sherburne,,,,16948
MN-Sibley,,,,3428
MN-St. Louis,,,,51975
MN-Stearns,,,,31865
MN-Steele,,,,8645
MN-Stevens,,,,1981
MN-Swift,,,,2509
MN-Todd,,,,6281
MN-Traverse,,,,1042
MN-UNKNOWN,,,,*
MN-Wabasha,,,,6236
MN-Wadena,,,,4041
MN-Waseca,,,,4436
MN-Washington,,,,54669
MN-Watonwan,,,,2569
MN-Wilkin,,,,1583
MN-Winona,,,,11258
MN-Wright,,,,24545
MN-Yellow Medicine,,,,2539
MO-Adair,,,,5130
MO-Andrew,,,,4100
MO-Atchison,,,,1520
MO-Audrain,,,,6039
MO-Barry,,,,9412
MO-Barton,,,,3012
MO-Bates,,,,4081
MO-Benton,,,,7664
MO-Bollinger,,,,2930
MO-Boone,,,,31625
MO-Buchanan,,,,19148
MO-Butler,,,,11663
MO-Caldwell,,,,2273
MO-Callaway,,,,10168
MO-Camden,,,,14549
MO-Cape Girardeau,,,,17898
MO-Carroll,,,,2486
MO-Carter,,,,1550
MO-Cass,,,,24027
MO-Cedar,,,,4296
MO-Chariton,,,,2137
MO-Christian,,,,19446
MO-Clark,,,,1630
MO-Clay,,,,47603
MO-Clinton,,,,5181
MO-Cole,,,,17039
MO-Cooper,,,,4175
MO-Crawford,,,,6327
MO-Dade,,,,2320
MO-Dallas,,,,4815
MO-Daviess,,,,2031
MO-DeKalb,,,,2350
MO-Dent,,,,4349
MO-Douglas,,,,2496
MO-Dunklin,,,,7235
MO-Franklin,,,,26493
MO-Gasconade,,,,4371
MO-Gentry,,,,1608
MO-Greene,,,,64861
MO-Grundy,,,,2581
MO-Harrison,,,,2328
MO-Henry,,,,6598
MO-Hickory,,,,2966
MO-Holt,,,,1262
MO-Howard,,,,2413
MO-Howell,,,,11429
MO-Iron,,,,3048
MO-Jackson,,,,136817
MO-Jasper,,,,26150
MO-Jefferson,,,,50068
MO-Johnson,,,,9399
MO-Knox,,,,995
MO-Laclede,,,,8997
MO-Lafayette,,,,8047
MO-Lawrence,,,,8917
MO-Lewis,,,,2442
MO-Lincoln,,,,12284
MO-Linn,,,,3311
MO-Livingston,,,,3691
MO-Macon,,,,4203
MO-Madison,,,,3431
MO-Maries,,,,2074
MO-Marion,,,,7129
MO-McDonald,,,,4858
MO-Mercer,,,,858
MO-Miller,,,,6101
MO-Mississippi,,,,3019
MO-Moniteau,,,,3225
MO-Monroe,,,,2352
MO-Montgomery,,,,3174
MO-Morgan,,,,6261
MO-New Madrid,,,,4192
MO-Newton,,,,13799
MO-Nodaway,,,,4428
MO-Oregon,,,,2699
MO-Osage,,,,2997
MO-Ozark,,,,3162
MO-Pemiscot,,,,3737
MO-Perry,,,,4771
MO-Pettis,,,,9438
MO-Phelps,,,,9883
MO-Pike,,,,4246
MO-Platte,,,,20046
MO-Polk,,,,7841
MO-Pulaski,,,,7453
MO-Putnam,,,,1328
MO-Ralls,,,,2824
MO-Randolph,,,,5738
MO-Ray,,,,5419
MO-Reynolds,,,,1641
MO-Ripley,,,,3598
MO-Saline,,,,5190
MO-Schuyler,,,,1048
MO-Scotland,,,,991
MO-Scott,,,,9625
MO-Shannon,,,,2092
MO-Shelby,,,,1693
MO-St. Charles,,,,83586
MO-St. Clair,,,,2879
MO-St. Francois,,,,16459
MO-St. Louis,,,,226240
MO-St. Louis City,,,,51088
MO-Ste. Genevieve,,,,4791
MO-Stoddard,,,,7928
MO-Stone,,,,11452
MO-Sullivan,,,,1497
MO-Taney,,,,16597
MO-Texas,,,,6867
MO-UNKNOWN,,,,*
MO-Vernon,,,,4957
MO-Warren,,,,8761
MO-Washington,,,,5897
MO-Wayne,,,,3326
MO-Webster,,,,8520
MO-Worth,,,,570
MO-Wright,,,,5347
MS-Adams,,,,7831
MS-Alcorn,,,,9187
MS-Amite,,,,3456
MS-Attala,,,,4483
MS-Benton,,,,2109
MS-Bolivar,,,,7449
MS-Calhoun,,,,3768
MS-Carroll,,,,2798
MS-Chickasaw,,,,4398
MS-Choctaw,,,,2300
MS-Claiborne,,,,1989
MS-Clarke,,,,4395
MS-Clay,,,,4989
MS-Coahoma,,,,5235
MS-Copiah,,,,6780
MS-Covington,,,,4588
MS-DeSoto,,,,32673
MS-Forrest,,,,15156
MS-Franklin,,,,2074
MS-George,,,,5506
MS-Greene,,,,2588
MS-Grenada,,,,5813
MS-Hancock,,,,12090
MS-Harrison,,,,45689
MS-Hinds,,,,46149
MS-Holmes,,,,4222
MS-Humphreys,,,,2046
MS-Issaquena,,,,252
MS-Itawamba,,,,5739
MS-Jackson,,,,31535
MS-Jasper,,,,4318
MS-Jefferson,,,,1876
MS-Jefferson Davis,,,,3157
MS-Jones,,,,15534
MS-Kemper,,,,2298
MS-Lafayette,,,,9714
MS-Lamar,,,,10782
MS-Lauderdale,,,,16326
MS-Lawrence,,,,3243
MS-Leake,,,,4788
MS-Lee,,,,18893
MS-Leflore,,,,6183
MS-Lincoln,,,,8021
MS-Lowndes,,,,12940
MS-Madison,,,,22158
MS-Marion,,,,6129
MS-Marshall,,,,8813
MS-Monroe,,,,9196
MS-Montgomery,,,,2850
MS-Neshoba,,,,6309
MS-Newton,,,,4911
MS-Noxubee,,,,2689
MS-Oktibbeha,,,,7830
MS-Panola,,,,8215
MS-Pearl River,,,,14168
MS-Perry,,,,3009
MS-Pike,,,,9469
MS-Pontotoc,,,,6975
MS-Prentiss,,,,5947
MS-Quitman,,,,1656
MS-Rankin,,,,30958
MS-Scott,,,,5862
MS-Sharkey,,,,1100
MS-Simpson,,,,6539
MS-Smith,,,,3604
MS-Stone,,,,4408
MS-Sunflower,,,,5367
MS-Tallahatchie,,,,2962
MS-Tate,,,,6401
MS-Tippah,,,,5488
MS-Tishomingo,,,,5362
MS-Tunica,,,,1961
MS-UNKNOWN,,,,*
MS-Union,,,,6548
MS-Walthall,,,,3616
MS-Warren,,,,10653
MS-Washington,,,,10997
MS-Wayne,,,,4671
MS-Webster,,,,2777
MS-Wilkinson,,,,2094
MS-Winston,,,,4733
MS-Yalobusha,,,,3860
MS-Yazoo,,,,5268
MT-Beaverhead,,,,2721
MT-Big Horn,,,,2041
MT-Blaine,,,,1247
MT-Broadwater,,,,1954
MT-Carbon,,,,3449
MT-Carter,,,,374
MT-Cascade,,,,19845
MT-Chouteau,,,,1486
MT-Custer,,,,2915
MT-Daniels,,,,500
MT-Dawson,,,,2192
MT-Deer Lodge,,,,3125
MT-Fallon,,,,639
MT-Fergus,,,,3462
MT-Flathead,,,,28140
MT-Gallatin,,,,19263
MT-Garfield,,,,308
MT-Glacier,,,,2268
MT-Golden Valley,,,,304
MT-Granite,,,,1020
MT-Hill,,,,3330
MT-Jefferson,,,,3670
MT-Judith Basin,,,,667
MT-Lake,,,,9092
MT-Lewis and Clark,,,,17993
MT-Liberty,,,,520
MT-Lincoln,,,,8376
MT-Madison,,,,2865
MT-McCone,,,,508
MT-Meagher,,,,651
MT-Mineral,,,,1695
MT-Missoula,,,,25928
MT-Musselshell,,,,1705
MT-Park,,,,4750
MT-Petroleum,,,,129
MT-Phillips,,,,1084
MT-Pondera,,,,1553
MT-Powder River,,,,450
MT-Powell,,,,1806
MT-Prairie,,,,448
MT-Ravalli,,,,15336
MT-Richland,,,,2276
MT-Roosevelt,,,,1837
MT-Rosebud,,,,1951
MT-Sanders,,,,4977
MT-Sheridan,,,,1041
MT-Silver Bow,,,,8875
MT-Stillwater,,,,2834
MT-Sweet Grass,,,,1106
MT-Teton,,,,1718
MT-Toole,,,,1071
MT-Treasure,,,,248
MT-UNKNOWN,,,,*
MT-Valley,,,,1944
MT-Wheatland,,,,630
MT-Wibaux,,,,253
MT-Yellowstone,,,,36772
NC-Alamance,,,,37713
NC-Alexander,,,,9086
NC-Alleghany,,,,3800
NC-Anson,,,,5878
NC-Ashe,,,,8732
NC-Avery,,,,5181
NC-Beaufort,,,,14632
NC-Bertie,,,,5698
NC-Bladen,,,,8533
NC-Brunswick,,,,61859
NC-Buncombe,,,,68196
NC-Burke,,,,23327
NC-Cabarrus,,,,38779
NC-Caldwell,,,,21409
NC-Camden,,,,2291
NC-Carteret,,,,21928
NC-Caswell,,,,6286
NC-Catawba,,,,38423
NC-Chatham,,,,22099
NC-Cherokee,,,,10955
NC-Chowan,,,,4452
NC-Clay,,,,4620
NC-Cleveland,,,,25293
NC-Columbus,,,,14021
NC-Craven,,,,27648
NC-Cumberland,,,,60401
NC-Currituck,,,,6755
NC-Dare,,,,10987
NC-Davidson,,,,41058
NC-Davie,,,,11828
NC-Duplin,,,,11759
NC-Durham,,,,55079
NC-Edgecombe,,,,13541
NC-Forsyth,,,,82685
NC-Franklin,,,,15836
NC-Gaston,,,,49495
NC-Gates,,,,2843
NC-Graham,,,,2413
NC-Granville,,,,13287
NC-Greene,,,,4251
NC-Guilford,,,,108103
NC-Halifax,,,,14227
NC-Harnett,,,,23757
NC-Haywood,,,,19780
NC-Henderson,,,,37276
NC-Hertford,,,,5819
NC-Hoke,,,,8581
NC-Hyde,,,,1374
NC-Iredell,,,,40051
NC-Jackson,,,,9685
NC-Johnston,,,,39968
NC-Jones,,,,2978
NC-Lee,,,,14234
NC-Lenoir,,,,15363
NC-Lincoln,,,,22448
NC-Macon,,,,12989
NC-Madison,,,,6461
NC-Martin,,,,6879
NC-McDowell,,,,12828
NC-Mecklenburg,,,,161617
NC-Mitchell,,,,4788
NC-Montgomery,,,,6842
NC-Moore,,,,29545
NC-Nash,,,,24105
NC-New Hanover,,,,53911
NC-Northampton,,,,5886
NC-Onslow,,,,31539
NC-Orange,,,,27828
NC-Pamlico,,,,4575
NC-Pasquotank,,,,9652
NC-Pender,,,,15232
NC-Perquimans,,,,4436
NC-Person,,,,10655
NC-Pitt,,,,34673
NC-Polk,,,,7281
NC-Randolph,,,,33868
NC-Richmond,,,,10971
NC-Robeson,,,,26707
NC-Rockingham,,,,25616
NC-Rowan,,,,34338
NC-Rutherford,,,,17930
NC-Sampson,,,,14039
NC-Scotland,,,,8594
NC-Stanly,,,,15756
NC-Stokes,,,,12681
NC-Surry,,,,19595
NC-Swain,,,,4104
NC-Transylvania,,,,11226
NC-Tyrrell,,,,948
NC-UNKNOWN,,,,*
NC-Union,,,,40288
NC-Vance,,,,11154
NC-Wake,,,,176625
NC-Warren,,,,5747
NC-Washington,,,,3666
NC-Watauga,,,,10439
NC-Wayne,,,,26624
NC-Wilkes,,,,18994
NC-Wilson,,,,19193
NC-Yadkin,,,,9749
NC-Yancey,,,,5975
ND-Adams,,,,737
ND-Barnes,,,,2914
ND-Benson,,,,1189
ND-Billings,,,,204
ND-Bottineau,,,,1821
ND-Bowman,,,,862
ND-Burke,,,,543
ND-Burleigh,,,,20316
ND-Cass,,,,30036
ND-Cavalier,,,,1099
ND-Dickey,,,,1245
ND-Divide,,,,548
ND-Dunn,,,,830
ND-Eddy,,,,672
ND-Emmons,,,,1005
ND-Foster,,,,846
ND-Golden Valley,,,,466
ND-Grand Forks,,,,12214
ND-Grant,,,,712
ND-Griggs,,,,733
ND-Hettinger,,,,655
ND-Kidder,,,,680
ND-LaMoure,,,,1194
ND-Logan,,,,547
ND-McHenry,,,,1430
ND-McIntosh,,,,883
ND-McKenzie,,,,1332
ND-McLean,,,,2787
ND-Mercer,,,,2157
ND-Morton,,,,6973
ND-Mountrail,,,,1589
ND-Nelson,,,,1054
ND-Oliver,,,,448
ND-Pembina,,,,1949
ND-Pierce,,,,1148
ND-Ramsey,,,,2852
ND-Ransom,,,,1411
ND-Renville,,,,593
ND-Richland,,,,3808
ND-Rolette,,,,2403
ND-Sargent,,,,1021
ND-Sheridan,,,,431
ND-Sioux,,,,457
ND-Slope,,,,185
ND-Stark,,,,5583
ND-Steele,,,,498
ND-Stutsman,,,,5229
ND-Towner,,,,628
ND-Traill,,,,1883
ND-UNKNOWN,,,,*
ND-Walsh,,,,2794
ND-Ward,,,,11503
ND-Wells,,,,1262
ND-Williams,,,,4616
NE-Adams,,,,7361
NE-Antelope,,,,1687
NE-Arthur,,,,105
NE-Banner,,,,115
NE-Blaine,,,,133
NE-Boone,,,,1509
NE-Box Butte,,,,2753
NE-Boyd,,,,659
NE-Brown,,,,855
NE-Buffalo,,,,9654
NE-Burt,,,,2012
NE-Butler,,,,2032
NE-Cass,,,,6075
NE-Cedar,,,,2183
NE-Chase,,,,957
NE-Cherry,,,,1450
NE-Cheyenne,,,,2503
NE-Clay,,,,1613
NE-Colfax,,,,1774
NE-Cuming,,,,2219
NE-Custer,,,,2831
NE-Dakota,,,,3570
NE-Dawes,,,,1873
NE-Dawson,,,,4639
NE-Deuel,,,,581
NE-Dixon,,,,1436
NE-Dodge,,,,8743
NE-Douglas,,,,100089
NE-Dundy,,,,514
NE-Fillmore,,,,1579
NE-Franklin,,,,846
NE-Frontier,,,,613
NE-Furnas,,,,1457
NE-Gage,,,,5875
NE-Garden,,,,626
NE-Garfield,,,,510
NE-Gosper,,,,558
NE-Grant,,,,165
NE-Greeley,,,,645
NE-Hall,,,,11710
NE-Hamilton,,,,2270
NE-Harlan,,,,941
NE-Hayes,,,,222
NE-Hitchcock,,,,815
NE-Holt,,,,2782
NE-Hooker,,,,252
NE-Howard,,,,1662
NE-Jefferson,,,,2109
NE-Johnson,,,,1103
NE-Kearney,,,,1565
NE-Keith,,,,2390
NE-Keya Paha,,,,224
NE-Kimball,,,,1093
NE-Knox,,,,2434
NE-Lancaster,,,,58842
NE-Lincoln,,,,8568
NE-Logan,,,,179
NE-Loup,,,,193
NE-Madison,,,,7697
NE-McPherson,,,,112
NE-Merrick,,,,1944
NE-Morrill,,,,1245
NE-Nance,,,,922
NE-Nemaha,,,,1641
NE-Nuckolls,,,,1422
NE-Otoe,,,,3917
NE-Pawnee,,,,794
NE-Perkins,,,,723
NE-Phelps,,,,2268
NE-Pierce,,,,1666
NE-Platte,,,,7187
NE-Polk,,,,1395
NE-Red Willow,,,,2682
NE-Richardson,,,,2308
NE-Rock,,,,412
NE-Saline,,,,2822
NE-Sarpy,,,,31254
NE-Saunders,,,,5007
NE-Scotts Bluff,,,,8923
NE-Seward,,,,3799
NE-Sheridan,,,,1475
NE-Sherman,,,,890
NE-Sioux,,,,302
NE-Stanton,,,,1194
NE-Thayer,,,,1505
NE-Thomas,,,,227
NE-Thurston,,,,1115
NE-UNKNOWN,,,,*
NE-Valley,,,,1197
NE-Washington,,,,4818
NE-Wayne,,,,1650
NE-Webster,,,,948
NE-Wheeler,,,,218
NE-York,,,,3435
NH-Belknap,,,,20829
NH-Carroll,,,,18657
NH-Cheshire,,,,21515
NH-Coos,,,,11071
NH-Grafton,,,,25012
NH-Hillsborough,,,,91869
NH-Merrimack,,,,39807
NH-Rockingham,,,,79620
NH-Strafford,,,,29651
NH-Sullivan,,,,12628
NH-UNKNOWN,,,,*
NJ-Atlantic,,,,65478
NJ-Bergen,,,,190321
NJ-Burlington,,,,100977
NJ-Camden,,,,105680
NJ-Cape May,,,,31154
NJ-Cumberland,,,,30881
NJ-Essex,,,,128562
NJ-Gloucester,,,,63998
NJ-Hudson,,,,88092
NJ-Hunterdon,,,,30730
NJ-Mercer,,,,71822
NJ-Middlesex,,,,154468
NJ-Monmouth,,,,143479
NJ-Morris,,,,104265
NJ-Ocean,,,,169034
NJ-Passaic,,,,91427
NJ-Salem,,,,15287
NJ-Somerset,,,,65010
NJ-Sussex,,,,33488
NJ-UNKNOWN,,,,*
NJ-Union,,,,95438
NJ-Warren,,,,25810
NM-Bernalillo,,,,143096
NM-Catron,,,,1634
NM-Chaves,,,,12669
NM-Cibola,,,,5082
NM-Colfax,,,,3979
NM-Curry,,,,8044
NM-De Baca,,,,548
NM-Dona Ana,,,,47842
NM-Eddy,,,,10320
NM-Grant,,,,9434
NM-Guadalupe,,,,1086
NM-Harding,,,,239
NM-Hidalgo,,,,1150
NM-Lea,,,,9831
NM-Lincoln,,,,6757
NM-Los Alamos,,,,3805
NM-Luna,,,,7011
NM-McKinley,,,,12387
NM-Mora,,,,1560
NM-Otero,,,,14743
NM-Quay,,,,2631
NM-Rio Arriba,,,,9753
NM-Roosevelt,,,,3315
NM-San Juan,,,,24458
NM-San Miguel,,,,7557
NM-Sandoval,,,,36359
NM-Santa Fe,,,,46329
NM-Sierra,,,,4753
NM-Socorro,,,,4172
NM-Taos,,,,10783
NM-Torrance,,,,4031
NM-UNKNOWN,,,,*
NM-Union,,,,988
NM-Valencia,,,,17975
NV-Carson City,,,,15426
NV-Churchill,,,,6300
NV-Clark,,,,416477
NV-Douglas,,,,18351
NV-Elko,,,,7988
NV-Esmeralda,,,,270
NV-Eureka,,,,387
NV-Humboldt,,,,3386
NV-Lander,,,,1012
NV-Lincoln,,,,1161
NV-Lyon,,,,16204
NV-Mineral,,,,1434
NV-Nye,,,,18819
NV-Pershing,,,,1188
NV-Storey,,,,1313
NV-UNKNOWN,,,,*
NV-Washoe,,,,102722
NV-White Pine,,,,2030
NY-Albany,,,,67645
NY-Allegany,,,,11454
NY-Bronx,,,,228555
NY-Broome,,,,47062
NY-Cattaraugus,,,,19875
NY-Cayuga,,,,18644
NY-Chautauqua,,,,33406
NY-Chemung,,,,21231
NY-Chenango,,,,13137
NY-Clinton,,,,20344
NY-Columbia,,,,17705
NY-Cortland,,,,10235
NY-Delaware,,,,13074
NY-Dutchess,,,,67563
NY-Erie,,,,218164
NY-Essex,,,,10768
NY-Franklin,,,,12469
NY-Fulton,,,,14606
NY-Genesee,,,,14684
NY-Greene,,,,12951
NY-Hamilton,,,,1833
NY-Herkimer,,,,16109
NY-Jefferson,,,,22504
NY-Kings,,,,409032
NY-Lewis,,,,6737
NY-Livingston,,,,15274
NY-Madison,,,,16719
NY-Monroe,,,,174475
NY-Montgomery,,,,12380
NY-Nassau,,,,297180
NY-New York,,,,301999
NY-Niagara,,,,55027
NY-Oneida,,,,56429
NY-Onondaga,,,,104750
NY-Ontario,,,,29702
NY-Orange,,,,71402
NY-Orleans,,,,10026
NY-Oswego,,,,28089
NY-Otsego,,,,15560
NY-Putnam,,,,21912
NY-Queens,,,,410470
NY-Rensselaer,,,,35469
NY-Richmond,,,,98550
NY-Rockland,,,,60495
NY-Saratoga,,,,56721
NY-Schenectady,,,,35026
NY-Schoharie,,,,8401
NY-Schuyler,,,,5213
NY-Seneca,,,,8544
NY-St. Lawrence,,,,25546
NY-Steuben,,,,24147
NY-Suffolk,,,,327042
NY-Sullivan,,,,18349
NY-Tioga,,,,12625
NY-Tompkins,,,,18913
NY-UNKNOWN,,,,*
NY-Ulster,,,,45325
NY-Warren,,,,19781
NY-Washington,,,,16267
NY-Wayne,,,,24387
NY-Westchester,,,,195771
NY-Wyoming,,,,9737
NY-Yates,,,,6424
OH-Adams,,,,7043
OH-Allen,,,,23820
OH-Ashland,,,,12791
OH-Ashtabula,,,,25560
OH-Athens,,,,11526
OH-Auglaize,,,,11125
OH-Belmont,,,,17284
OH-Brown,,,,10784
OH-Butler,,,,75378
OH-Carroll,,,,7203
OH-Champaign,,,,9321
OH-Clark,,,,32897
OH-Clermont,,,,47139
OH-Clinton,,,,9845
OH-Columbiana,,,,26996
OH-Coshocton,,,,8917
OH-Crawford,,,,11343
OH-Cuyahoga,,,,280052
OH-Darke,,,,12763
OH-Defiance,,,,9724
OH-Delaware,,,,39905
OH-Erie,,,,21458
OH-Fairfield,,,,32986
OH-Fayette,,,,6929
OH-Franklin,,,,205672
OH-Fulton,,,,10376
OH-Gallia,,,,7457
OH-Geauga,,,,23823
OH-Greene,,,,36563
OH-Guernsey,,,,9922
OH-Hamilton,,,,163463
OH-Hancock,,,,16794
OH-Hardin,,,,6635
OH-Harrison,,,,4046
OH-Henry,,,,6893
OH-Highland,,,,10482
OH-Hocking,,,,6902
OH-Holmes,,,,5496
OH-Huron,,,,14150
OH-Jackson,,,,7894
OH-Jefferson,,,,17694
OH-Knox,,,,14780
OH-Lake,,,,60055
OH-Lawrence,,,,14949
OH-Licking,,,,39369
OH-Logan,,,,11237
OH-Lorain,,,,76267
OH-Lucas,,,,93925
OH-Madison,,,,9087
OH-Mahoning,,,,61927
OH-Marion,,,,15323
OH-Medina,,,,43290
OH-Meigs,,,,5835
OH-Mercer,,,,9692
OH-Miami,,,,25988
OH-Monroe,,,,3799
OH-Montgomery,,,,120038
OH-Morgan,,,,3638
OH-Morrow,,,,7996
OH-Muskingum,,,,22106
OH-Noble,,,,2868
OH-Ottawa,,,,12981
OH-Paulding,,,,4542
OH-Perry,,,,8621
OH-Pickaway,,,,12207
OH-Pike,,,,6534
OH-Portage,,,,36789
OH-Preble,,,,10417
OH-Putnam,,,,7904
OH-Richland,,,,30891
OH-Ross,,,,17522
OH-Sandusky,,,,15020
OH-Scioto,,,,17760
OH-Seneca,,,,13618
OH-Shelby,,,,10542
OH-Stark,,,,94372
OH-Summit,,,,126160
OH-Trumbull,,,,55036
OH-Tuscarawas,,,,22619
OH-UNKNOWN,,,,*
OH-Union,,,,10612
OH-Van Wert,,,,6915
OH-Vinton,,,,3060
OH-Warren,,,,46517
OH-Washington,,,,16582
OH-Wayne,,,,26088
OH-Williams,,,,9437
OH-Wood,,,,27288
OH-Wyandot,,,,5482
OK-Adair,,,,4416
OK-Alfalfa,,,,1211
OK-Atoka,,,,3299
OK-Beaver,,,,1026
OK-Beckham,,,,4399
OK-Blaine,,,,2115
OK-Bryan,,,,10471
OK-Caddo,,,,6383
OK-Canadian,,,,27905
OK-Carter,,,,11784
OK-Cherokee,,,,10580
OK-Choctaw,,,,3996
OK-Cimarron,,,,595
OK-Cleveland,,,,53003
OK-Coal,,,,1229
OK-Comanche,,,,21816
OK-Cotton,,,,1365
OK-Craig,,,,3837
OK-Creek,,,,17412
OK-Custer,,,,5156
OK-Delaware,,,,12372
OK-Dewey,,,,1206
OK-Ellis,,,,993
OK-Garfield,,,,13061
OK-Garvin,,,,6574
OK-Grady,,,,11922
OK-Grant,,,,1063
OK-Greer,,,,1278
OK-Harmon,,,,657
OK-Harper,,,,863
OK-Haskell,,,,3079
OK-Hughes,,,,3127
OK-Jackson,,,,4791
OK-Jefferson,,,,1547
OK-Johnston,,,,2703
OK-Kay,,,,10820
OK-Kingfisher,,,,3079
OK-Kiowa,,,,2368
OK-Latimer,,,,2746
OK-Le Flore,,,,12125
OK-Lincoln,,,,8305
OK-Logan,,,,10230
OK-Love,,,,2498
OK-Major,,,,1750
OK-Marshall,,,,4356
OK-Mayes,,,,10180
OK-McClain,,,,9509
OK-McCurtain,,,,7542
OK-McIntosh,,,,5799
OK-Murray,,,,3519
OK-Muskogee,,,,16533
OK-Noble,,,,2725
OK-Nowata,,,,2478
OK-Okfuskee,,,,2738
OK-Oklahoma,,,,144969
OK-Okmulgee,,,,9667
OK-Osage,,,,10588
OK-Ottawa,,,,7849
OK-Pawnee,,,,4042
OK-Payne,,,,13941
OK-Pittsburg,,,,11163
OK-Pontotoc,,,,8584
OK-Pottawatomie,,,,16797
OK-Pushmataha,,,,3081
OK-Roger Mills,,,,871
OK-Rogers,,,,20997
OK-Seminole,,,,5764
OK-Sequoyah,,,,10665
OK-Stephens,,,,11482
OK-Texas,,,,2791
OK-Tillman,,,,1711
OK-Tulsa,,,,127670
OK-UNKNOWN,,,,*
OK-Wagoner,,,,17861
OK-Washington,,,,13363
OK-Washita,,,,2526
OK-Woods,,,,1796
OK-Woodward,,,,3988
OR-Baker,,,,5626
OR-Benton,,,,19858
OR-Clackamas,,,,98056
OR-Clatsop,,,,11916
OR-Columbia,,,,13586
OR-Coos,,,,22576
OR-Crook,,,,8151
OR-Curry,,,,10271
OR-Deschutes,,,,52207
OR-Douglas,,,,37098
OR-Gilliam,,,,633
OR-Grant,,,,2464
OR-Harney,,,,2236
OR-Hood River,,,,4996
OR-Jackson,,,,62003
OR-Jefferson,,,,6328
OR-Josephine,,,,28970
OR-Klamath,,,,19492
OR-Lake,,,,2475
OR-Lane,,,,98000
OR-Lincoln,,,,18736
OR-Linn,,,,32750
OR-Malheur,,,,6684
OR-Marion,,,,71853
OR-Morrow,,,,2419
OR-Multnomah,,,,138577
OR-Polk,,,,20637
OR-Sherman,,,,569
OR-Tillamook,,,,9076
OR-UNKNOWN,,,,*
OR-Umatilla,,,,16069
OR-Union,,,,7058
OR-Wallowa,,,,2694
OR-Wasco,,,,6962
OR-Washington,,,,103155
OR-Wheeler,,,,540
OR-Yamhill,,,,24471
PA-Adams,,,,28166
PA-Allegheny,,,,287791
PA-Armstrong,,,,18849
PA-Beaver,,,,45916
PA-Bedford,,,,14068
PA-Berks,,,,94311
PA-Blair,,,,33705
PA-Bradford,,,,16303
PA-Bucks,,,,156265
PA-Butler,,,,49814
PA-Cambria,,,,39326
PA-Cameron,,,,1548
PA-Carbon,,,,18151
PA-Centre,,,,27816
PA-Chester,,,,111037
PA-Clarion,,,,10085
PA-Clearfield,,,,21295
PA-Clinton,,,,9535
PA-Columbia,,,,16489
PA-Crawford,,,,23335
PA-Cumberland,,,,60825
PA-Dauphin,,,,63254
PA-Delaware,,,,120845
PA-Elk,,,,8988
PA-Erie,,,,66209
PA-Fayette,,,,36844
PA-Forest,,,,1928
PA-Franklin,,,,39161
PA-Fulton,,,,4018
PA-Greene,,,,9148
PA-Huntingdon,,,,11595
PA-Indiana,,,,21256
PA-Jefferson,,,,12248
PA-Juniata,,,,5874
PA-Lackawanna,,,,56137
PA-Lancaster,,,,125158
PA-Lawrence,,,,24574
PA-Lebanon,,,,35262
PA-Lehigh,,,,82128
PA-Luzerne,,,,79334
PA-Lycoming,,,,29550
PA-McKean,,,,10969
PA-Mercer,,,,30964
PA-Mifflin,,,,12105
PA-Monroe,,,,38721
PA-Montgomery,,,,187706
PA-Montour,,,,4877
PA-Northampton,,,,77761
PA-Northumberland,,,,24769
PA-Perry,,,,11719
PA-Philadelphia,,,,271385
PA-Pike,,,,16629
PA-Potter,,,,5009
PA-Schuylkill,,,,38167
PA-Snyder,,,,9389
PA-Somerset,,,,21098
PA-Sullivan,,,,2140
PA-Susquehanna,,,,11334
PA-Tioga,,,,11613
PA-UNKNOWN,,,,*
PA-Union,,,,9153
PA-Venango,,,,15433
PA-Warren,,,,11404
PA-Washington,,,,56265
PA-Wayne,,,,15143
PA-Westmoreland,,,,103011
PA-Wyoming,,,,7467
PA-York,,,,105484
RI-Bristol,,,,12989
RI-Kent,,,,44464
RI-Newport,,,,22516
RI-Providence,,,,132375
RI-UNKNOWN,,,,*
RI-Washington,,,,36277
SC-Abbeville,,,,6880
SC-Aiken,,,,44463
SC-Allendale,,,,2207
SC-Anderson,,,,49764
SC-Bamberg,,,,3666
SC-Barnwell,,,,5314
SC-Beaufort,,,,61276
SC-Berkeley,,,,45495
SC-Calhoun,,,,4105
SC-Charleston,,,,85709
SC-Cherokee,,,,13457
SC-Chester,,,,8411
SC-Chesterfield,,,,10723
SC-Clarendon,,,,9823
SC-Colleton,,,,10698
SC-Darlington,,,,16720
SC-Dillon,,,,7117
SC-Dorchester,,,,32354
SC-Edgefield,,,,6767
SC-Fairfield,,,,6305
SC-Florence,,,,32501
SC-Georgetown,,,,22936
SC-Greenville,,,,115178
SC-Greenwood,,,,17564
SC-Hampton,,,,4824
SC-Horry,,,,126577
SC-Jasper,,,,9123
SC-Kershaw,,,,17235
SC-Lancaster,,,,26535
SC-Laurens,,,,17804
SC-Lee,,,,4455
SC-Lexington,,,,65376
SC-Marion,,,,8355
SC-Marlboro,,,,6704
SC-McCormick,,,,4543
SC-Newberry,,,,10323
SC-Oconee,,,,24619
SC-Orangeburg,,,,22277
SC-Pickens,,,,29743
SC-Richland,,,,76723
SC-Saluda,,,,3869
SC-Spartanburg,,,,73825
SC-Sumter,,,,24407
SC-UNKNOWN,,,,*
SC-Union,,,,7816
SC-Williamsburg,,,,8798
SC-York,,,,55957
SD-Aurora,,,,654
SD-Beadle,,,,4099
SD-Bennett,,,,515
SD-Bon Homme,,,,1656
SD-Brookings,,,,5830
SD-Brown,,,,8432
SD-Brule,,,,1257
SD-Buffalo,,,,225
SD-Butte,,,,2719
SD-Campbell,,,,452
SD-Charles Mix,,,,1951
SD-Clark,,,,896
SD-Clay,,,,2302
SD-Codington,,,,6646
SD-Corson,,,,602
SD-Custer,,,,3481
SD-Davison,,,,4785
SD-Day,,,,1678
SD-Deuel,,,,1054
SD-Dewey,,,,879
SD-Douglas,,,,832
SD-Edmunds,,,,974
SD-Fall River,,,,2907
SD-Faulk,,,,594
SD-Grant,,,,2188
SD-Gregory,,,,1236
SD-Haakon,,,,600
SD-Hamlin,,,,1238
SD-Hand,,,,918
SD-Hanson,,,,1184
SD-Harding,,,,303
SD-Hughes,,,,3817
SD-Hutchinson,,,,1965
SD-Hyde,,,,375
SD-Jackson,,,,494
SD-Jerauld,,,,597
SD-Jones,,,,251
SD-Kingsbury,,,,1489
SD-Lake,,,,2801
SD-Lawrence,,,,8008
SD-Lincoln,,,,11567
SD-Lyman,,,,734
SD-Marshall,,,,1190
SD-McCook,,,,1395
SD-McPherson,,,,735
SD-Meade,,,,6260
SD-Mellette,,,,371
SD-Miner,,,,643
SD-Minnehaha,,,,40321
SD-Moody,,,,1443
SD-Oglala Lakota,,,,1431
SD-Pennington,,,,30490
SD-Perkins,,,,862
SD-Potter,,,,690
SD-Roberts,,,,2259
SD-Sanborn,,,,580
SD-Spink,,,,1668
SD-Stanley,,,,775
SD-Sully,,,,355
SD-Todd,,,,1022
SD-Tripp,,,,1442
SD-Turner,,,,2128
SD-UNKNOWN,,,,*
SD-Union,,,,3771
SD-Walworth,,,,1561
SD-Yankton,,,,5842
SD-Ziebach,,,,185
TN-Anderson,,,,20277
TN-Bedford,,,,10309
TN-Benton,,,,5056
TN-Bledsoe,,,,3739
TN-Blount,,,,35601
TN-Bradley,,,,25244
TN-Campbell,,,,10905
TN-Cannon,,,,3647
TN-Carroll,,,,7869
TN-Carter,,,,16102
TN-Cheatham,,,,9162
TN-Chester,,,,3998
TN-Claiborne,,,,9226
TN-Clay,,,,2305
TN-Cocke,,,,11390
TN-Coffee,,,,14069
TN-Crockett,,,,3415
TN-Cumberland,,,,25049
TN-Davidson,,,,106229
TN-DeKalb,,,,5162
TN-Decatur,,,,3632
TN-Dickson,,,,12392
TN-Dyer,,,,8641
TN-Fayette,,,,11852
TN-Fentress,,,,6161
TN-Franklin,,,,11354
TN-Gibson,,,,12511
TN-Giles,,,,7931
TN-Grainger,,,,6897
TN-Greene,,,,21183
TN-Grundy,,,,4163
TN-Hamblen,,,,15859
TN-Hamilton,,,,82502
TN-Hancock,,,,1981
TN-Hardeman,,,,6285
TN-Hardin,,,,7977
TN-Hawkins,,,,17317
TN-Haywood,,,,4523
TN-Henderson,,,,7184
TN-Henry,,,,9758
TN-Hickman,,,,5788
TN-Houston,,,,2320
TN-Humphreys,,,,4925
TN-Jackson,,,,3500
TN-Jefferson,,,,15291
TN-Johnson,,,,5678
TN-Knox,,,,99592
TN-Lake,,,,1448
TN-Lauderdale,,,,5661
TN-Lawrence,,,,10870
TN-Lewis,,,,3335
TN-Lincoln,,,,9269
TN-Loudon,,,,20017
TN-Macon,,,,5530
TN-Madison,,,,23178
TN-Marion,,,,7955
TN-Marshall,,,,7783
TN-Maury,,,,23937
TN-McMinn,,,,14548
TN-McNairy,,,,7344
TN-Meigs,,,,3897
TN-Monroe,,,,13750
TN-Montgomery,,,,32203
TN-Moore,,,,1684
TN-Morgan,,,,5308
TN-Obion,,,,8346
TN-Overton,,,,6238
TN-Perry,,,,2351
TN-Pickett,,,,1680
TN-Polk,,,,5202
TN-Putnam,,,,18795
TN-Rhea,,,,8718
TN-Roane,,,,15857
TN-Robertson,,,,15265
TN-Rutherford,,,,50684
TN-Scott,,,,5449
TN-Sequatchie,,,,5276
TN-Sevier,,,,25538
TN-Shelby,,,,168464
TN-Smith,,,,4614
TN-Stewart,,,,3683
TN-Sullivan,,,,46161
TN-Sumner,,,,40840
TN-Tipton,,,,12945
TN-Trousdale,,,,2031
TN-UNKNOWN,,,,*
TN-Unicoi,,,,5681
TN-Union,,,,5093
TN-Van Buren,,,,1867
TN-Warren,,,,10374
TN-Washington,,,,33784
TN-Wayne,,,,4064
TN-Weakley,,,,7791
TN-White,,,,7867
TN-Williamson,,,,43690
TN-Wilson,,,,30947
TX-Anderson,,,,11657
TX-Andrews,,,,2479
TX-Angelina,,,,19314
TX-Aransas,,,,8452
TX-Archer,,,,2113
TX-Armstrong,,,,521
TX-Atascosa,,,,10102
TX-Austin,,,,7815
TX-Bailey,,,,1150
TX-Bandera,,,,8037
TX-Bastrop,,,,18561
TX-Baylor,,,,1006
TX-Bee,,,,5346
TX-Bell,,,,62310
TX-Bexar,,,,335144
TX-Blanco,,,,4228
TX-Borden,,,,121
TX-Bosque,,,,5711
TX-Bowie,,,,20979
TX-Brazoria,,,,60635
TX-Brazos,,,,29202
TX-Brewster,,,,2423
TX-Briscoe,,,,441
TX-Brooks,,,,1602
TX-Brown,,,,9987
TX-Burleson,,,,5222
TX-Burnet,,,,14753
TX-Caldwell,,,,8657
TX-Calhoun,,,,4740
TX-Callahan,,,,3745
TX-Cameron,,,,72058
TX-Camp,,,,3116
TX-Carson,,,,1320
TX-Cass,,,,8676
TX-Castro,,,,1287
TX-Chambers,,,,7726
TX-Cherokee,,,,11707
TX-Childress,,,,1412
TX-Clay,,,,2801
TX-Cochran,,,,565
TX-Coke,,,,1050
TX-Coleman,,,,2716
TX-Collin,,,,148912
TX-Collingsworth,,,,700
TX-Colorado,,,,5987
TX-Comal,,,,43658
TX-Comanche,,,,3832
TX-Concho,,,,785
TX-Cooke,,,,9588
TX-Coryell,,,,12212
TX-Cottle,,,,420
TX-Crane,,,,707
TX-Crockett,,,,793
TX-Crosby,,,,1323
TX-Culberson,,,,559
TX-Dallam,,,,984
TX-Dallas,,,,359395
TX-Dawson,,,,2328
TX-DeWitt,,,,4905
TX-Deaf Smith,,,,2837
TX-Delta,,,,1452
TX-Denton,,,,126130
TX-Dickens,,,,582
TX-Dimmit,,,,1968
TX-Donley,,,,981
TX-Duval,,,,2487
TX-Eastland,,,,5086
TX-Ector,,,,21840
TX-Edwards,,,,593
TX-El Paso,,,,149330
TX-Ellis,,,,35350
TX-Erath,,,,7787
TX-Falls,,,,4011
TX-Fannin,,,,8409
TX-Fayette,,,,7877
TX-Fisher,,,,995
TX-Floyd,,,,1271
TX-Foard,,,,368
TX-Fort Bend,,,,126543
TX-Franklin,,,,2694
TX-Freestone,,,,4865
TX-Frio,,,,3060
TX-Gaines,,,,2222
TX-Galveston,,,,67275
TX-Garza,,,,910
TX-Gillespie,,,,9641
TX-Glasscock,,,,204
TX-Goliad,,,,1988
TX-Gonzales,,,,4662
TX-Gray,,,,4345
TX-Grayson,,,,32990
TX-Gregg,,,,27673
TX-Grimes,,,,7139
TX-Guadalupe,,,,32636
TX-Hale,,,,5911
TX-Hall,,,,811
TX-Hamilton,,,,2503
TX-Hansford,,,,959
TX-Hardeman,,,,1012
TX-Hardin,,,,13074
TX-Harris,,,,641854
TX-Harrison,,,,14756
TX-Hartley,,,,637
TX-Haskell,,,,1460
TX-Hays,,,,39488
TX-Hemphill,,,,709
TX-Henderson,,,,23155
TX-Hidalgo,,,,121012
TX-Hill,,,,9741
TX-Hockley,,,,4290
TX-Hood,,,,20085
TX-Hopkins,,,,8701
TX-Houston,,,,5958
TX-Howard,,,,5532
TX-Hudspeth,,,,788
TX-Hunt,,,,21032
TX-Hutchinson,,,,4446
TX-Irion,,,,394
TX-Jack,,,,1809
TX-Jackson,,,,3497
TX-Jasper,,,,9239
TX-Jeff Davis,,,,755
TX-Jefferson,,,,46869
TX-Jim Hogg,,,,1021
TX-Jim Wells,,,,8774
TX-Johnson,,,,36030
TX-Jones,,,,3686
TX-Karnes,,,,2968
TX-Kaufman,,,,25437
TX-Kendall,,,,12976
TX-Kenedy,,,,55
TX-Kent,,,,211
TX-Kerr,,,,18075
TX-Kimble,,,,1354
TX-King,,,,38
TX-Kinney,,,,974
TX-Kleberg,,,,5464
TX-Knox,,,,915
TX-La Salle,,,,1206
TX-Lamar,,,,12214
TX-Lamb,,,,2806
TX-Lampasas,,,,6184
TX-Lavaca,,,,5920
TX-Lee,,,,4151
TX-Leon,,,,5648
TX-Liberty,,,,16013
TX-Limestone,,,,5609
TX-Lipscomb,,,,675
TX-Live Oak,,,,2774
TX-Llano,,,,8771
TX-Loving,,,,15
TX-Lubbock,,,,53306
TX-Lynn,,,,1146
TX-Madison,,,,2681
TX-Marion,,,,3242
TX-Martin,,,,812
TX-Mason,,,,1460
TX-Matagorda,,,,8065
TX-Maverick,,,,11288
TX-McCulloch,,,,2365
TX-McLennan,,,,49997
TX-McMullen,,,,181
TX-Medina,,,,11395
TX-Menard,,,,735
TX-Midland,,,,21933
TX-Milam,,,,6636
TX-Mills,,,,1535
TX-Mitchell,,,,1548
TX-Montague,,,,5857
TX-Montgomery,,,,113440
TX-Moore,,,,2754
TX-Morris,,,,3630
TX-Motley,,,,376
TX-Nacogdoches,,,,12928
TX-Navarro,,,,11530
TX-Newton,,,,3157
TX-Nolan,,,,3374
TX-Nueces,,,,67225
TX-Ochiltree,,,,1426
TX-Oldham,,,,470
TX-Orange,,,,17569
TX-Palo Pinto,,,,7207
TX-Panola,,,,5682
TX-Parker,,,,32530
TX-Parmer,,,,1545
TX-Pecos,,,,2476
TX-Polk,,,,20025
TX-Potter,,,,20629
TX-Presidio,,,,1880
TX-Rains,,,,3589
TX-Randall,,,,26681
TX-Reagan,,,,496
TX-Real,,,,1431
TX-Red River,,,,3763
TX-Reeves,,,,2202
TX-Refugio,,,,1855
TX-Roberts,,,,195
TX-Robertson,,,,4358
TX-Rockwall,,,,19715
TX-Runnels,,,,2715
TX-Rusk,,,,11179
TX-Sabine,,,,3673
TX-San Augustine,,,,2622
TX-San Jacinto,,,,7331
TX-San Patricio,,,,14433
TX-San Saba,,,,1637
TX-Schleicher,,,,628
TX-Scurry,,,,3210
TX-Shackelford,,,,847
TX-Shelby,,,,5540
TX-Sherman,,,,413
TX-Smith,,,,51866
TX-Somervell,,,,2322
TX-Starr,,,,10350
TX-Stephens,,,,2205
TX-Sterling,,,,247
TX-Stonewall,,,,406
TX-Sutton,,,,873
TX-Swisher,,,,1470
TX-Tarrant,,,,315893
TX-Taylor,,,,28056
TX-Terrell,,,,256
TX-Terry,,,,2105
TX-Throckmorton,,,,412
TX-Titus,,,,6012
TX-Tom Green,,,,24729
TX-Travis,,,,156605
TX-Trinity,,,,4727
TX-Tyler,,,,5449
TX-UNKNOWN,,,,*
TX-Upshur,,,,9845
TX-Upton,,,,680
TX-Uvalde,,,,5851
TX-Val Verde,,,,9084
TX-Van Zandt,,,,14484
TX-Victoria,,,,19651
TX-Walker,,,,12158
TX-Waller,,,,9077
TX-Ward,,,,1988
TX-Washington,,,,9952
TX-Webb,,,,38092
TX-Wharton,,,,9379
TX-Wheeler,,,,1206
TX-Wichita,,,,27213
TX-Wilbarger,,,,2956
TX-Willacy,,,,3791
TX-Williamson,,,,98286
TX-Wilson,,,,11104
TX-Winkler,,,,1153
TX-Wise,,,,14687
TX-Wood,,,,16542
TX-Yoakum,,,,1344
TX-Young,,,,4751
TX-Zapata,,,,2158
TX-Zavala,,,,2188
UT-Beaver,,,,1486
UT-Box Elder,,,,9808
UT-Cache,,,,16944
UT-Carbon,,,,4966
UT-Daggett,,,,281
UT-Davis,,,,48007
UT-Duchesne,,,,3701
UT-Emery,,,,2283
UT-Garfield,,,,1314
UT-Grand,,,,2216
UT-Iron,,,,10450
UT-Juab,,,,1909
UT-Kane,,,,2306
UT-Millard,,,,2726
UT-Morgan,,,,1901
UT-Piute,,,,460
UT-Rich,,,,515
UT-Salt Lake,,,,163270
UT-San Juan,,,,2480
UT-Sanpete,,,,5546
UT-Sevier,,,,4728
UT-Summit,,,,7754
UT-Tooele,,,,9702
UT-UNKNOWN,,,,*
UT-Uintah,,,,5491
UT-Utah,,,,68223
UT-Wasatch,,,,5593
UT-Washington,,,,46466
UT-Wayne,,,,744
UT-Weber,,,,41575
VA-Accomack,,,,10320
VA-Albemarle,,,,25154
VA-Alexandria City,,,,20593
VA-Alleghany,,,,4716
VA-Amelia,,,,3570
VA-Amherst,,,,8655
VA-Appomattox,,,,4493
VA-Arlington,,,,27766
VA-Augusta,,,,20282
VA-Bath,,,,1401
VA-Bedford,,,,22751
VA-Bland,,,,1927
VA-Botetourt,,,,9733
VA-Bristol City,,,,4678
VA-Brunswick,,,,4453
VA-Buchanan,,,,7037
VA-Buckingham,,,,4024
VA-Buena Vista City,,,,1593
VA-Campbell,,,,14034
VA-Caroline,,,,6921
VA-Carroll,,,,9079
VA-Charles City,,,,2109
VA-Charlotte,,,,3429
VA-Charlottesville City,,,,6935
VA-Chesapeake City,,,,46384
VA-Chesterfield,,,,73496
VA-Clarke,,,,4112
VA-Colonial Heights City,,,,4436
VA-Covington City,,,,1798
VA-Craig,,,,1446
VA-Culpeper,,,,11295
VA-Cumberland,,,,2481
VA-Danville City,,,,11859
VA-Dickenson,,,,4914
VA-Dinwiddie,,,,6570
VA-Emporia City,,,,1387
VA-Essex,,,,3331
VA-Fairfax,,,,178618
VA-Fairfax City,,,,5040
VA-Falls Church City,,,,2495
VA-Fauquier,,,,14940
VA-Floyd,,,,4640
VA-Fluvanna,,,,7373
VA-Franklin,,,,16646
VA-Franklin City,,,,2410
VA-Frederick,,,,20180
VA-Fredericksburg City,,,,4755
VA-Galax City,,,,2024
VA-Giles,,,,4733
VA-Gloucester,,,,10522
VA-Goochland,,,,7497
VA-Grayson,,,,4857
VA-Greene,,,,4766
VA-Greensville,,,,2400
VA-Halifax,,,,10548
VA-Hampton City,,,,28505
VA-Hanover,,,,25953
VA-Harrisonburg City,,,,6459
VA-Henrico,,,,66472
VA-Henry,,,,15208
VA-Highland,,,,947
VA-Hopewell City,,,,5022
VA-Isle of Wight,,,,10029
VA-James City,,,,24927
VA-King George,,,,4882
VA-King William,,,,4125
VA-King and Queen,,,,2008
VA-Lancaster,,,,4776
VA-Lee,,,,6698
VA-Lexington City,,,,1679
VA-Loudoun,,,,50246
VA-Louisa,,,,10258
VA-Lunenburg,,,,3372
VA-Lynchburg City,,,,16256
VA-Madison,,,,3763
VA-Manassas City,,,,5562
VA-Manassas Park City,,,,1372
VA-Martinsville City,,,,4414
VA-Mathews,,,,3216
VA-Mecklenburg,,,,10163
VA-Middlesex,,,,4033
VA-Montgomery,,,,15656
VA-Nelson,,,,5328
VA-New Kent,,,,6186
VA-Newport News City,,,,32709
VA-Norfolk City,,,,37612
VA-Northampton,,,,4285
VA-Northumberland,,,,5143
VA-Norton City,,,,1174
VA-Nottoway,,,,3877
VA-Orange,,,,10256
VA-Page,,,,6733
VA-Patrick,,,,5798
VA-Petersburg City,,,,8003
VA-Pittsylvania,,,,17606
VA-Poquoson City,,,,2863
VA-Portsmouth City,,,,19940
VA-Powhatan,,,,7328
VA-Prince Edward,,,,5273
VA-Prince George,,,,7022
VA-Prince William,,,,61729
VA-Pulaski,,,,9625
VA-Radford City,,,,2457
VA-Rappahannock,,,,2226
VA-Richmond,,,,2159
VA-Richmond City,,,,36550
VA-Roanoke,,,,26102
VA-Roanoke City,,,,22594
VA-Rockbridge,,,,6858
VA-Rockingham,,,,20053
VA-Russell,,,,8346
VA-Salem City,,,,6806
VA-Scott,,,,7057
VA-Shenandoah,,,,11884
VA-Smyth,,,,8968
VA-Southampton,,,,4391
VA-Spotsylvania,,,,26426
VA-Stafford,,,,22231
VA-Staunton City,,,,7083
VA-Suffolk City,,,,19881
VA-Surry,,,,1955
VA-Sussex,,,,2713
VA-Tazewell,,,,12387
VA-UNKNOWN,,,,*
VA-Virginia Beach City,,,,85485
VA-Warren,,,,9453
VA-Washington,,,,16434
VA-Waynesboro City,,,,5751
VA-Westmoreland,,,,5848
VA-Williamsburg City,,,,2968
VA-Winchester City,,,,5979
VA-Wise,,,,11034
VA-Wythe,,,,8581
VA-York,,,,14080
VI-St. Croix,,,,10428
VI-St. John,,,,979
VI-St. Thomas,,,,10194
VI-UNKNOWN,,,,*
VT-Addison,,,,10040
VT-Bennington,,,,11093
VT-Caledonia,,,,8525
VT-Chittenden,,,,34978
VT-Essex,,,,2045
VT-Franklin,,,,11673
VT-Grand Isle,,,,2408
VT-Lamoille,,,,6208
VT-Orange,,,,8474
VT-Orleans,,,,8322
VT-Rutland,,,,18583
VT-UNKNOWN,,,,*
VT-Washington,,,,15718
VT-Windham,,,,13406
VT-Windsor,,,,17573
WA-Adams,,,,2855
WA-Asotin,,,,6994
WA-Benton,,,,41265
WA-Chelan,,,,19934
WA-Clallam,,,,29857
WA-Clark,,,,104646
WA-Columbia,,,,1392
WA-Cowlitz,,,,29119
WA-Douglas,,,,9299
WA-Ferry,,,,2585
WA-Franklin,,,,12454
WA-Garfield,,,,760
WA-Grant,,,,18395
WA-Grays Harbor,,,,22726
WA-Island,,,,26854
WA-Jefferson,,,,15211
WA-King,,,,360123
WA-Kitsap,,,,65052
WA-Kittitas,,,,10427
WA-Klickitat,,,,7035
WA-Lewis,,,,23346
WA-Lincoln,,,,3670
WA-Mason,,,,19988
WA-Okanogan,,,,12279
WA-Pacific,,,,9367
WA-Pend Oreille,,,,4667
WA-Pierce,,,,172698
WA-San Juan,,,,6854
WA-Skagit,,,,35660
WA-Skamania,,,,3109
WA-Snohomish,,,,148686
WA-Spokane,,,,120347
WA-Stevens,,,,14744
WA-Thurston,,,,69347
WA-UNKNOWN,,,,*
WA-Wahkiakum,,,,1783
WA-Walla Walla,,,,14954
WA-Whatcom,,,,53566
WA-Whitman,,,,6931
WA-Yakima,,,,46968
WI-Adams,,,,7887
WI-Ashland,,,,4408
WI-Barron,,,,13403
WI-Bayfield,,,,5912
WI-Brown,,,,55036
WI-Buffalo,,,,3679
WI-Burnett,,,,6171
WI-Calumet,,,,10190
WI-Chippewa,,,,16151
WI-Clark,,,,7727
WI-Columbia,,,,14630
WI-Crawford,,,,4749
WI-Dane,,,,102356
WI-Dodge,,,,20794
WI-Door,,,,11171
WI-Douglas,,,,11421
WI-Dunn,,,,10279
WI-Eau Claire,,,,22506
WI-Florence,,,,1691
WI-Fond du Lac,,,,24606
WI-Forest,,,,2923
WI-Grant,,,,12010
WI-Green,,,,9280
WI-Green Lake,,,,5673
WI-Iowa,,,,6118
WI-Iron,,,,2286
WI-Jackson,,,,5112
WI-Jefferson,,,,19344
WI-Juneau,,,,7271
WI-Kenosha,,,,33759
WI-Kewaunee,,,,5304
WI-La Crosse,,,,26340
WI-Lafayette,,,,3966
WI-Langlade,,,,6267
WI-Lincoln,,,,8502
WI-Manitowoc,,,,22178
WI-Marathon,,,,31325
WI-Marinette,,,,13389
WI-Marquette,,,,5096
WI-Menominee,,,,976
WI-Milwaukee,,,,168053
WI-Monroe,,,,10407
WI-Oconto,,,,10970
WI-Oneida,,,,13387
WI-Outagamie,,,,39492
WI-Ozaukee,,,,23821
WI-Pepin,,,,2331
WI-Pierce,,,,8907
WI-Polk,,,,12674
WI-Portage,,,,16205
WI-Price,,,,4980
WI-Racine,,,,45691
WI-Richland,,,,4840
WI-Rock,,,,37395
WI-Rusk,,,,4505
WI-Sauk,,,,16061
WI-Sawyer,,,,6299
WI-Shawano,,,,10987
WI-Sheboygan,,,,28651
WI-St. Croix,,,,18552
WI-Taylor,,,,4914
WI-Trempealeau,,,,7011
WI-UNKNOWN,,,,*
WI-Vernon,,,,7847
WI-Vilas,,,,9521
WI-Walworth,,,,24791
WI-Washburn,,,,6182
WI-Washington,,,,33072
WI-Waukesha,,,,101379
WI-Waupaca,,,,14638
WI-Waushara,,,,7741
WI-Winnebago,,,,37716
WI-Wood,,,,20251
WV-Barbour,,,,4297
WV-Berkeley,,,,25647
WV-Boone,,,,6139
WV-Braxton,,,,3816
WV-Brooke,,,,6382
WV-Cabell,,,,21666
WV-Calhoun,,,,2129
WV-Clay,,,,2636
WV-Doddridge,,,,1774
WV-Fayette,,,,11834
WV-Gilmer,,,,1595
WV-Grant,,,,3407
WV-Greenbrier,,,,10174
WV-Hampshire,,,,6572
WV-Hancock,,,,8318
WV-Hardy,,,,3859
WV-Harrison,,,,16972
WV-Jackson,,,,7842
WV-Jefferson,,,,12696
WV-Kanawha,,,,48867
WV-Lewis,,,,4437
WV-Lincoln,,,,5580
WV-Logan,,,,9149
WV-Marion,,,,14184
WV-Marshall,,,,8185
WV-Mason,,,,7102
WV-McDowell,,,,5455
WV-Mercer,,,,16960
WV-Mineral,,,,7496
WV-Mingo,,,,6791
WV-Monongalia,,,,16355
WV-Monroe,,,,3942
WV-Morgan,,,,5150
WV-Nicholas,,,,7630
WV-Ohio,,,,11179
WV-Pendleton,,,,2331
WV-Pleasants,,,,1961
WV-Pocahontas,,,,2667
WV-Preston,,,,8537
WV-Putnam,,,,13948
WV-Raleigh,,,,20689
WV-Randolph,,,,7504
WV-Ritchie,,,,2838
WV-Roane,,,,4104
WV-Summers,,,,3726
WV-Taylor,,,,4163
WV-Tucker,,,,2269
WV-Tyler,,,,2317
WV-UNKNOWN,,,,*
WV-Upshur,,,,6404
WV-Wayne,,,,10978
WV-Webster,,,,2641
WV-Wetzel,,,,4254
WV-Wirt,,,,1681
WV-Wood,,,,23409
WV-Wyoming,,,,6088
WY-Albany,,,,6169
WY-Big Horn,,,,3116
WY-Campbell,,,,7586
WY-Carbon,,,,3213
WY-Converse,,,,3126
WY-Crook,,,,1992
WY-Fremont,,,,9657
WY-Goshen,,,,3560
WY-Hot Springs,,,,1592
WY-Johnson,,,,2665
WY-Laramie,,,,21839
WY-Lincoln,,,,4687
WY-Natrona,,,,16932
WY-Niobrara,,,,680
WY-Park,,,,8939
WY-Platte,,,,2697
WY-Sheridan,,,,8829
WY-Sublette,,,,2061
WY-Sweetwater,,,,7606
WY-Teton,,,,4321
WY-UNKNOWN,,,,*
WY-Uinta,,,,4347
WY-Washakie,,,,2209
WY-Weston,,,,1915
