county_fips,County,BENES_TOTAL_CNT,PQI03_DBTS_AGE_LT_65,PQI05_COPD_ASTHMA_AGE_40_64,PQI15_ASTHMA_AGE_LT_40
02013,Aleutians East,171,,,
02016,Aleutians West,250,,,
02020,Anchorage,45726,,,
02050,Bethel,1748,,,
02060,Bristol Bay,181,,,
02063,Chugach,263,,,
02066,Copper River,239,,,
02068,Denali,320,,,
02070,Dillingham,578,,,
02090,Fairbanks North Star,13603,,,
02100,Haines,737,,,
02105,Hoonah-Angoon,586,,,
02110,Juneau,5958,,,
02122,Kenai Peninsula,14408,,,
02130,Ketchikan Gateway,2867,,,
02150,Kodiak Island,2070,,,
02158,Kusilvak,626,,,
02164,Lake and Peninsula,182,,,
02170,Matanuska-Susitna,18901,,,
02180,Nome,1012,,,
02185,North Slope,605,,,
02188,Northwest Arctic,659,,,
02195,Petersburg,933,,,
02198,Prince of Wales-Hyder,1190,,,
02220,Sitka,1691,,,
02230,Skagway,210,,,
02240,Southeast Fairbanks,1507,,,
02000,UNKNOWN,*,,,
02275,Wrangell,624,,,
02282,Yakutat,124,,,
02290,Yukon-Koyukuk,1017,,,
01001,Autauga,12391,,,
01003,Baldwin,64196,,,
01005,Barbour,6505,,,
01007,Bibb,4955,,,
01009,Blount,13429,,,
01011,Bullock,2432,,,
01013,Butler,5221,,,
01015,Calhoun,28769,,,
01017,Chambers,9361,,,
01019,Cherokee,7977,,,
01021,Chilton,10406,,,
01023,Choctaw,3959,,,
01025,Clarke,6662,,,
01027,Clay,3847,,,
01029,Cleburne,3762,,,
01031,Coffee,11977,,,
01033,Colbert,15108,,,
01035,Conecuh,3688,,,
01037,Coosa,3255,,,
01039,Covington,10668,,,
01041,Crenshaw,3653,,,
01043,Cullman,21725,,,
01045,Dale,11706,,,
01047,Dallas,10139,,,
01049,DeKalb,16539,,,
01051,Elmore,19812,,,
01053,Escambia,9266,,,
01055,Etowah,27579,,,
01057,Fayette,4701,,,
01059,Franklin,7047,,,
01061,Geneva,7343,,,
01063,Greene,2395,,,
01065,Hale,4272,,,
01067,Henry,5341,,,
01069,Houston,26516,,,
01071,Jackson,14214,,,
01073,Jefferson,141309,,,
01075,Lamar,3979,,,
01077,Lauderdale,24234,,,
01079,Lawrence,8296,,,
01081,Lee,29121,,,
01083,Limestone,21299,,,
01085,Lowndes,3178,,,
01087,Macon,4854,,,
01089,Madison,77483,,,
01091,Marengo,5616,,,
01093,Marion,7763,,,
01095,Marshall,22604,,,
01097,Mobile,92078,,,
01099,Monroe,5557,,,
01101,Montgomery,47047,,,
01103,Morgan,28249,,,
01105,Perry,2690,,,
01107,Pickens,5141,,,
01109,Pike,7018,,,
01111,Randolph,6470,,,
01113,Russell,12461,,,
01117,Shelby,44057,,,
01115,St. Clair,21280,,,
01119,Sumter,3329,,,
01121,Talladega,21119,,,
01123,Tallapoosa,12189,,,
01125,Tuscaloosa,39746,,,
01000,UNKNOWN,*,,,
01127,Walker,18012,,,
01129,Washington,4544,,,
01131,Wilcox,3330,,,
01133,Winston,6374,,,
05001,Arkansas,4347,,,
05003,Ashley,5378,,,
05005,Baxter,16023,,,
05007,Benton,51142,,,
05009,Boone,11058,,,
05011,Bradley,2596,,,
05013,Calhoun,1230,,,
05015,Carroll,8021,,,
05017,Chicot,2787,,,
05019,Clark,4971,,,
05021,Clay,4034,,,
05023,Cleburne,8863,,,
05025,Cleveland,2085,,,
05027,Columbia,5476,,,
05029,Conway,5588,,,
05031,Craighead,20694,,,
05033,Crawford,15230,,,
05035,Crittenden,10033,,,
05037,Cross,4123,,,
05039,Dallas,1995,,,
05041,Desha,2862,,,
05043,Drew,4060,,,
05045,Faulkner,23290,,,
05047,Franklin,4713,,,
05049,Fulton,3844,,,
05051,Garland,31422,,,
05053,Grant,4374,,,
05055,Greene,10271,,,
05057,Hempstead,4911,,,
05059,Hot Spring,8426,,,
05061,Howard,3288,,,
05063,Independence,9279,,,
05065,Izard,4430,,,
05067,Jackson,3988,,,
05069,Jefferson,16267,,,
05071,Johnson,6272,,,
05073,Lafayette,1892,,,
05075,Lawrence,4497,,,
05077,Lee,2046,,,
05079,Lincoln,2509,,,
05081,Little River,3355,,,
05083,Logan,6120,,,
05085,Lonoke,15233,,,
05087,Madison,4394,,,
05089,Marion,5889,,,
05091,Miller,9535,,,
05093,Mississippi,8600,,,
05095,Monroe,2054,,,
05097,Montgomery,2800,,,
05099,Nevada,2237,,,
05101,Newton,2392,,,
05103,Ouachita,6457,,,
05105,Perry,2868,,,
05107,Phillips,4302,,,
05109,Pike,2948,,,
05111,Poinsett,5811,,,
05113,Polk,5807,,,
05115,Pope,14125,,,
05117,Prairie,2241,,,
05119,Pulaski,85720,,,
05121,Randolph,4834,,,
05125,Saline,29446,,,
05127,Scott,2751,,,
05129,Searcy,2659,,,
05131,Sebastian,28900,,,
05133,Sevier,3088,,,
05135,Sharp,6276,,,
05123,St. Francis,5245,,,
05137,Stone,4525,,,
05000,UNKNOWN,*,,,
05139,Union,10012,,,
05141,Van Buren,5631,,,
05143,Washington,39994,,,
05145,White,18320,,,
05147,Woodruff,1882,,,
05149,Yell,5057,,,
04001,Apache,15105,,,
04003,Cochise,37511,,,
04005,Coconino,24134,,,
04007,Gila,18722,,,
04009,Graham,6649,,,
04011,Greenlee,1388,,,
04012,La Paz,6734,,,
04013,Maricopa,801458,,,
04015,Mohave,77100,,,
04017,Navajo,27857,,,
04019,Pima,262356,,,
04021,Pinal,98294,,,
04023,Santa Cruz,11748,,,
04000,UNKNOWN,*,,,
04025,Yavapai,94902,,,
04027,Yuma,44098,,,
06001,Alameda,273375,,,
06003,Alpine,280,,,
06005,Amador,12574,,,
06007,Butte,48808,,,
06009,Calaveras,14570,,,
06011,Colusa,4243,,,
06013,Contra Costa,223840,,,
06015,Del Norte,6938,,,
06017,El Dorado,51083,,,
06019,Fresno,158745,,,
06021,Glenn,6050,,,
06023,Humboldt,31749,,,
06025,Imperial,36264,,,
06027,Inyo,4833,,,
06029,Kern,133619,,,
06031,Kings,19490,,,
06033,Lake,18283,,,
06035,Lassen,5560,,,
06037,Los Angeles,1678944,,,
06039,Madera,27244,,,
06041,Marin,64429,,,
06043,Mariposa,5297,,,
06045,Mendocino,24724,,,
06047,Merced,41465,,,
06049,Modoc,2800,,,
06051,Mono,2200,,,
06053,Monterey,73816,,,
06055,Napa,32094,,,
06057,Nevada,31803,,,
06059,Orange,585248,,,
06061,Placer,98182,,,
06063,Plumas,6803,,,
06065,Riverside,436200,,,
06067,Sacramento,290673,,,
06069,San Benito,10580,,,
06071,San Bernardino,341101,,,
06073,San Diego,606776,,,
06075,San Francisco,160739,,,
06077,San Joaquin,126613,,,
06079,San Luis Obispo,73226,,,
06081,San Mateo,141301,,,
06083,Santa Barbara,85713,,,
06085,Santa Clara,303511,,,
06087,Santa Cruz,58262,,,
06089,Shasta,50190,,,
06091,Sierra,914,,,
06093,Siskiyou,14464,,,
06095,Solano,90937,,,
06097,Sonoma,119326,,,
06099,Stanislaus,95790,,,
06101,Sutter,19067,,,
06103,Tehama,15708,,,
06105,Trinity,3691,,,
06107,Tulare,70148,,,
06109,Tuolumne,17023,,,
06000,UNKNOWN,*,,,
06111,Ventura,173007,,,
06113,Yolo,36361,,,
06115,Yuba,14257,,,
08001,Adams,70390,,,
08003,Alamosa,3400,,,
08005,Arapahoe,106622,,,
08007,Archuleta,4663,,,
08009,Baca,989,,,
08011,Bent,1191,,,
08013,Boulder,60579,,,
08014,Broomfield,12993,,,
08015,Chaffee,6073,,,
08017,Cheyenne,412,,,
08019,Clear Creek,2083,,,
08021,Conejos,2097,,,
08023,Costilla,1359,,,
08025,Crowley,910,,,
08027,Custer,2115,,,
08029,Delta,10509,,,
08031,Denver,99131,,,
08033,Dolores,621,,,
08035,Douglas,59890,,,
08037,Eagle,7567,,,
08041,El Paso,125799,,,
08039,Elbert,6020,,,
08043,Fremont,13737,,,
08045,Garfield,10391,,,
08047,Gilpin,1275,,,
08049,Grand,3152,,,
08051,Gunnison,2894,,,
08053,Hinsdale,263,,,
08055,Huerfano,2716,,,
08057,Jackson,367,,,
08059,Jefferson,120455,,,
08061,Kiowa,356,,,
08063,Kit Carson,1677,,,
08067,La Plata,13159,,,
08065,Lake,1163,,,
08069,Larimer,74900,,,
08071,Las Animas,4605,,,
08073,Lincoln,1121,,,
08075,Logan,4680,,,
08077,Mesa,40630,,,
08079,Mineral,337,,,
08081,Moffat,2684,,,
08083,Montezuma,7744,,,
08085,Montrose,13028,,,
08087,Morgan,5694,,,
08089,Otero,4972,,,
08091,Ouray,1734,,,
08093,Park,4376,,,
08095,Phillips,1100,,,
08097,Pitkin,3491,,,
08099,Prowers,2677,,,
08101,Pueblo,41555,,,
08103,Rio Blanco,1450,,,
08105,Rio Grande,3458,,,
08107,Routt,4964,,,
08109,Saguache,1676,,,
08111,San Juan,182,,,
08113,San Miguel,1317,,,
08115,Sedgwick,780,,,
08117,Summit,4254,,,
08119,Teller,7502,,,
08000,UNKNOWN,*,,,
08121,Washington,1189,,,
08123,Weld,54538,,,
08125,Yuma,2085,,,
09110,Capitol,205490,,,
09120,Greater Bridgeport,45377,,,
09130,Lower Connecticut River Valley,44900,,,
09140,Naugatuck Valley,99419,,,
09150,Northeastern Connecticut,22202,,,
09160,Northwest Hills,30383,,,
09170,South Central Connecticut,121083,,,
09180,Southeastern Connecticut,64303,,,
09000,UNKNOWN,*,,,
09190,Western Connecticut,113650,,,
11001,District of Columbia,99522,,,
10001,Kent,43285,,,
10003,New Castle,115247,,,
10005,Sussex,89749,,,
10000,UNKNOWN,*,,,
12001,Alachua,52503,,,
12003,Baker,5634,,,
12005,Bay,42551,,,
12007,Bradford,6422,,,
12009,Brevard,179939,,,
12011,Broward,372066,,,
12013,Calhoun,3309,,,
12015,Charlotte,80242,,,
12017,Citrus,67182,,,
12019,Clay,50547,,,
12021,Collier,120371,,,
12023,Columbia,18696,,,
12027,DeSoto,8077,,,
12029,Dixie,4899,,,
12031,Duval,190777,,,
12033,Escambia,77384,,,
12035,Flagler,46286,,,
12037,Franklin,3575,,,
12039,Gadsden,11441,,,
12041,Gilchrist,4766,,,
12043,Glades,2956,,,
12045,Gulf,4371,,,
12047,Hamilton,3384,,,
12049,Hardee,4710,,,
12051,Hendry,7146,,,
12053,Hernando,64869,,,
12055,Highlands,37833,,,
12057,Hillsborough,272584,,,
12059,Holmes,4855,,,
12061,Indian River,62398,,,
12063,Jackson,12257,,,
12065,Jefferson,4172,,,
12067,Lafayette,1592,,,
12069,Lake,122428,,,
12071,Lee,224623,,,
12073,Leon,52826,,,
12075,Levy,14032,,,
12077,Liberty,1562,,,
12079,Madison,5048,,,
12081,Manatee,121811,,,
12083,Marion,134760,,,
12085,Martin,52659,,,
12086,Miami-Dade,519469,,,
12087,Monroe,19191,,,
12089,Nassau,28165,,,
12091,Okaloosa,46486,,,
12093,Okeechobee,9632,,,
12095,Orange,219597,,,
12097,Osceola,72419,,,
12099,Palm Beach,368151,,,
12101,Pasco,152233,,,
12103,Pinellas,271325,,,
12105,Polk,180949,,,
12107,Putnam,22024,,,
12113,Santa Rosa,42351,,,
12115,Sarasota,166143,,,
12117,Seminole,91235,,,
12109,St. Johns,73732,,,
12111,St. Lucie,96672,,,
12119,Sumter,86494,,,
12121,Suwannee,12594,,,
12123,Taylor,5492,,,
12000,UNKNOWN,*,,,
12125,Union,2541,,,
12127,Volusia,171051,,,
12129,Wakulla,7675,,,
12131,Walton,19520,,,
12133,Washington,6154,,,
13001,Appling,4227,,,
13003,Atkinson,1488,,,
13005,Bacon,2294,,,
13007,Baker,758,,,
13009,Baldwin,9814,,,
13011,Banks,4215,,,
13013,Barrow,15811,,,
13015,Bartow,21550,,,
13017,Ben Hill,4091,,,
13019,Berrien,4173,,,
13021,Bibb,33881,,,
13023,Bleckley,2817,,,
13025,Brantley,3873,,,
13027,Brooks,4264,,,
13029,Bryan,7398,,,
13031,Bulloch,12333,,,
13033,Burke,5332,,,
13035,Butts,5523,,,
13037,Calhoun,1310,,,
13039,Camden,10957,,,
13043,Candler,2517,,,
13045,Carroll,24319,,,
13047,Catoosa,14971,,,
13049,Charlton,2410,,,
13051,Chatham,57307,,,
13053,Chattahoochee,709,,,
13055,Chattooga,6290,,,
13057,Cherokee,52529,,,
13059,Clarke,19248,,,
13061,Clay,852,,,
13063,Clayton,40310,,,
13065,Clinch,1548,,,
13067,Cobb,119856,,,
13069,Coffee,7868,,,
13071,Colquitt,9366,,,
13073,Columbia,28940,,,
13075,Cook,3753,,,
13077,Coweta,28816,,,
13079,Crawford,2859,,,
13081,Crisp,4769,,,
13083,Dade,4039,,,
13085,Dawson,6749,,,
13089,DeKalb,118403,,,
13087,Decatur,6241,,,
13091,Dodge,4542,,,
13093,Dooly,2301,,,
13095,Dougherty,18695,,,
13097,Douglas,23504,,,
13099,Early,2525,,,
13101,Echols,586,,,
13103,Effingham,11528,,,
13105,Elbert,5574,,,
13107,Emanuel,5303,,,
13109,Evans,2370,,,
13111,Fannin,9209,,,
13113,Fayette,28129,,,
13115,Floyd,22373,,,
13117,Forsyth,36360,,,
13119,Franklin,6009,,,
13121,Fulton,156103,,,
13123,Gilmer,9849,,,
13125,Glascock,685,,,
13127,Glynn,21646,,,
13129,Gordon,12103,,,
13131,Grady,5781,,,
13133,Greene,7284,,,
13135,Gwinnett,127076,,,
13137,Habersham,11123,,,
13139,Hall,40695,,,
13141,Hancock,2489,,,
13143,Haralson,6785,,,
13145,Harris,8340,,,
13147,Hart,7353,,,
13149,Heard,2483,,,
13151,Henry,40581,,,
13153,Houston,29756,,,
13155,Irwin,2054,,,
13157,Jackson,17235,,,
13159,Jasper,3532,,,
13161,Jeff Davis,2978,,,
13163,Jefferson,4126,,,
13165,Jenkins,1925,,,
13167,Johnson,2074,,,
13169,Jones,6080,,,
13171,Lamar,4592,,,
13173,Lanier,1816,,,
13175,Laurens,11661,,,
13177,Lee,5798,,,
13179,Liberty,9338,,,
13181,Lincoln,2431,,,
13183,Long,2205,,,
13185,Lowndes,21454,,,
13187,Lumpkin,7718,,,
13193,Macon,2780,,,
13195,Madison,7252,,,
13197,Marion,1834,,,
13189,McDuffie,5452,,,
13191,McIntosh,3724,,,
13199,Meriwether,5890,,,
13201,Miller,1531,,,
13205,Mitchell,4874,,,
13207,Monroe,6855,,,
13209,Montgomery,1889,,,
13211,Morgan,5297,,,
13213,Murray,8451,,,
13215,Muscogee,39127,,,
13217,Newton,21618,,,
13219,Oconee,8108,,,
13221,Oglethorpe,3699,,,
13223,Paulding,26086,,,
13225,Peach,6609,,,
13227,Pickens,10773,,,
13229,Pierce,4549,,,
13231,Pike,4154,,,
13233,Polk,9640,,,
13235,Pulaski,2274,,,
13237,Putnam,6611,,,
13239,Quitman,813,,,
13241,Rabun,5873,,,
13243,Randolph,1755,,,
13245,Richmond,40835,,,
13247,Rockdale,17758,,,
13249,Schley,888,,,
13251,Screven,3717,,,
13253,Seminole,2424,,,
13255,Spalding,16760,,,
13257,Stephens,7582,,,
13259,Stewart,1170,,,
13261,Sumter,6630,,,
13263,Talbot,1822,,,
13265,Taliaferro,521,,,
13267,Tattnall,4406,,,
13269,Taylor,1965,,,
13271,Telfair,2642,,,
13273,Terrell,2388,,,
13275,Thomas,11340,,,
13277,Tift,8498,,,
13279,Toombs,6108,,,
13281,Towns,5704,,,
13283,Treutlen,1480,,,
13285,Troup,14616,,,
13287,Turner,2057,,,
13289,Twiggs,2465,,,
13000,UNKNOWN,*,,,
13291,Union,10636,,,
13293,Upson,6977,,,
13295,Walker,16509,,,
13297,Walton,21458,,,
13299,Ware,8680,,,
13301,Warren,1590,,,
13303,Washington,4857,,,
13305,Wayne,6565,,,
13307,Webster,617,,,
13309,Wheeler,1190,,,
13311,White,8294,,,
13313,Whitfield,18999,,,
13315,Wilcox,1852,,,
13317,Wilkes,2939,,,
13319,Wilkinson,2535,,,
13321,Worth,4731,,,
15001,Hawaii,53037,,,
15003,Honolulu,207249,,,
15005,Kalawao,*,,,
15007,Kauai,17798,,,
15009,Maui,35871,,,
15000,UNKNOWN,*,,,
19001,Adair,1988,,,
19003,Adams,1111,,,
19005,Allamakee,3767,,,
19007,Appanoose,3564,,,
19009,Audubon,1654,,,
19011,Benton,6017,,,
19013,Black Hawk,29116,,,
19015,Boone,6448,,,
19017,Bremer,5981,,,
19019,Buchanan,4824,,,
19021,Buena Vista,3934,,,
19023,Butler,4056,,,
19025,Calhoun,2767,,,
19027,Carroll,5397,,,
19029,Cass,3922,,,
19031,Cedar,4482,,,
19033,Cerro Gordo,12144,,,
19035,Cherokee,3300,,,
19037,Chickasaw,3084,,,
19039,Clarke,2252,,,
19041,Clay,4427,,,
19043,Clayton,5104,,,
19045,Clinton,11766,,,
19047,Crawford,3567,,,
19049,Dallas,15457,,,
19051,Davis,1872,,,
19053,Decatur,1944,,,
19055,Delaware,4330,,,
19057,Des Moines,10312,,,
19059,Dickinson,5854,,,
19061,Dubuque,23120,,,
19063,Emmet,2522,,,
19065,Fayette,5401,,,
19067,Floyd,4165,,,
19069,Franklin,2561,,,
19071,Fremont,1944,,,
19073,Greene,2547,,,
19075,Grundy,3141,,,
19077,Guthrie,3084,,,
19079,Hamilton,3648,,,
19081,Hancock,2820,,,
19083,Hardin,4559,,,
19085,Harrison,3672,,,
19087,Henry,4793,,,
19089,Howard,2441,,,
19091,Humboldt,2480,,,
19093,Ida,1805,,,
19095,Iowa,4065,,,
19097,Jackson,5371,,,
19099,Jasper,9017,,,
19101,Jefferson,4948,,,
19103,Johnson,24764,,,
19105,Jones,5076,,,
19107,Keokuk,2672,,,
19109,Kossuth,4151,,,
19111,Lee,9060,,,
19113,Linn,47152,,,
19115,Louisa,2581,,,
19117,Lucas,2305,,,
19119,Lyon,2578,,,
19121,Madison,3701,,,
19123,Mahaska,5007,,,
19125,Marion,7938,,,
19127,Marshall,9118,,,
19129,Mills,3534,,,
19131,Mitchell,2650,,,
19133,Monona,2509,,,
19135,Monroe,1932,,,
19137,Montgomery,2892,,,
19139,Muscatine,9489,,,
19141,O'Brien,3605,,,
19143,Osceola,1540,,,
19145,Page,4238,,,
19147,Palo Alto,2453,,,
19149,Plymouth,5894,,,
19151,Pocahontas,1987,,,
19153,Polk,88103,,,
19155,Pottawattamie,21973,,,
19157,Poweshiek,4665,,,
19159,Ringgold,1369,,,
19161,Sac,2762,,,
19163,Scott,37119,,,
19165,Shelby,3336,,,
19167,Sioux,6713,,,
19169,Story,15841,,,
19171,Tama,4250,,,
19173,Taylor,1629,,,
19000,UNKNOWN,*,,,
19175,Union,3161,,,
19177,Van Buren,1981,,,
19179,Wapello,8135,,,
19181,Warren,11054,,,
19183,Washington,5476,,,
19185,Wayne,1698,,,
19187,Webster,8622,,,
19189,Winnebago,2818,,,
19191,Winneshiek,5356,,,
19193,Woodbury,20401,,,
19195,Worth,1923,,,
19197,Wright,3250,,,
16001,Ada,99778,,,
16003,Adams,1582,,,
16005,Bannock,17573,,,
16007,Bear Lake,1631,,,
16009,Benewah,3185,,,
16011,Bingham,9284,,,
16013,Blaine,6068,,,
16015,Boise,2610,,,
16017,Bonner,15309,,,
16019,Bonneville,21977,,,
16021,Boundary,4024,,,
16023,Butte,762,,,
16025,Camas,303,,,
16027,Canyon,46190,,,
16029,Caribou,1562,,,
16031,Cassia,4592,,,
16033,Clark,146,,,
16035,Clearwater,3086,,,
16037,Custer,1489,,,
16039,Elmore,5422,,,
16041,Franklin,2754,,,
16043,Fremont,2897,,,
16045,Gem,5647,,,
16047,Gooding,3474,,,
16049,Idaho,5704,,,
16051,Jefferson,5039,,,
16053,Jerome,4211,,,
16055,Kootenai,45970,,,
16057,Latah,7423,,,
16059,Lemhi,3017,,,
16061,Lewis,1683,,,
16063,Lincoln,1008,,,
16065,Madison,3857,,,
16067,Minidoka,4440,,,
16069,Nez Perce,11405,,,
16071,Oneida,1188,,,
16073,Owyhee,2686,,,
16075,Payette,6529,,,
16077,Power,1546,,,
16079,Shoshone,4132,,,
16081,Teton,1923,,,
16083,Twin Falls,18986,,,
16000,UNKNOWN,*,,,
16085,Valley,3540,,,
16087,Washington,3424,,,
17001,Adams,16004,,,
17003,Alexander,1606,,,
17005,Bond,3888,,,
17007,Boone,10942,,,
17009,Brown,1155,,,
17011,Bureau,8866,,,
17013,Calhoun,1251,,,
17015,Carroll,4496,,,
17017,Cass,2742,,,
17019,Champaign,33141,,,
17021,Christian,8325,,,
17023,Clark,3987,,,
17025,Clay,3469,,,
17027,Clinton,8420,,,
17029,Coles,10634,,,
17031,Cook,890924,,,
17033,Crawford,4711,,,
17035,Cumberland,2659,,,
17037,DeKalb,18103,,,
17039,DeWitt,3929,,,
17041,Douglas,4314,,,
17043,DuPage,180209,,,
17045,Edgar,4610,,,
17047,Edwards,1592,,,
17049,Effingham,8266,,,
17051,Fayette,4753,,,
17053,Ford,3376,,,
17055,Franklin,10119,,,
17057,Fulton,8725,,,
17059,Gallatin,1443,,,
17061,Greene,3164,,,
17063,Grundy,10064,,,
17065,Hamilton,2030,,,
17067,Hancock,5014,,,
17069,Hardin,1086,,,
17071,Henderson,1810,,,
17073,Henry,12579,,,
17075,Iroquois,7328,,,
17077,Jackson,11164,,,
17079,Jasper,2436,,,
17081,Jefferson,9076,,,
17083,Jersey,5595,,,
17085,Jo Daviess,7051,,,
17087,Johnson,3229,,,
17089,Kane,91799,,,
17091,Kankakee,23653,,,
17093,Kendall,18632,,,
17095,Knox,12958,,,
17099,LaSalle,26759,,,
17097,Lake,129671,,,
17101,Lawrence,3411,,,
17103,Lee,8518,,,
17105,Livingston,8528,,,
17107,Logan,6413,,,
17115,Macon,25556,,,
17117,Macoupin,12110,,,
17119,Madison,60283,,,
17121,Marion,9980,,,
17123,Marshall,3263,,,
17125,Mason,3584,,,
17127,Massac,3857,,,
17109,McDonough,6167,,,
17111,McHenry,62591,,,
17113,McLean,30284,,,
17129,Menard,3049,,,
17131,Mercer,4072,,,
17133,Monroe,8309,,,
17135,Montgomery,7231,,,
17137,Morgan,8273,,,
17139,Moultrie,3282,,,
17141,Ogle,12009,,,
17143,Peoria,38814,,,
17145,Perry,4917,,,
17147,Piatt,4146,,,
17149,Pike,3902,,,
17151,Pope,1217,,,
17153,Pulaski,1469,,,
17155,Putnam,1620,,,
17157,Randolph,7488,,,
17159,Richland,3922,,,
17161,Rock Island,33311,,,
17165,Saline,6396,,,
17167,Sangamon,45507,,,
17169,Schuyler,1783,,,
17171,Scott,1208,,,
17173,Shelby,5673,,,
17163,St. Clair,54253,,,
17175,Stark,1408,,,
17177,Stephenson,12452,,,
17179,Tazewell,31293,,,
17000,UNKNOWN,*,,,
17181,Union,4706,,,
17183,Vermilion,18137,,,
17185,Wabash,2987,,,
17187,Warren,4075,,,
17189,Washington,3513,,,
17191,Wayne,4026,,,
17193,White,3786,,,
17195,Whiteside,14855,,,
17197,Will,120864,,,
17199,Williamson,16522,,,
17201,Winnebago,63776,,,
17203,Woodford,8767,,,
18001,Adams,6823,,,
18003,Allen,75386,,,
18005,Bartholomew,17313,,,
18007,Benton,2066,,,
18009,Blackford,3297,,,
18011,Boone,13616,,,
18013,Brown,4606,,,
18015,Carroll,4767,,,
18017,Cass,8603,,,
18019,Clark,26700,,,
18021,Clay,6690,,,
18023,Clinton,6927,,,
18025,Crawford,2912,,,
18027,Daviess,6062,,,
18033,DeKalb,9816,,,
18029,Dearborn,12121,,,
18031,Decatur,6197,,,
18035,Delaware,25347,,,
18037,Dubois,10223,,,
18039,Elkhart,37923,,,
18041,Fayette,6649,,,
18043,Floyd,17996,,,
18045,Fountain,4351,,,
18047,Franklin,5520,,,
18049,Fulton,5120,,,
18051,Gibson,7871,,,
18053,Grant,16752,,,
18055,Greene,8083,,,
18057,Hamilton,58725,,,
18059,Hancock,18004,,,
18061,Harrison,9808,,,
18063,Hendricks,32623,,,
18065,Henry,12132,,,
18067,Howard,20998,,,
18069,Huntington,9279,,,
18071,Jackson,9900,,,
18073,Jasper,7861,,,
18075,Jay,4819,,,
18077,Jefferson,8054,,,
18079,Jennings,6530,,,
18081,Johnson,31987,,,
18083,Knox,8617,,,
18085,Kosciusko,17634,,,
18087,LaGrange,6293,,,
18091,LaPorte,25948,,,
18089,Lake,104405,,,
18093,Lawrence,11619,,,
18095,Madison,31716,,,
18097,Marion,159784,,,
18099,Marshall,10440,,,
18101,Martin,2635,,,
18103,Miami,8008,,,
18105,Monroe,23920,,,
18107,Montgomery,9087,,,
18109,Morgan,17533,,,
18111,Newton,3485,,,
18113,Noble,10247,,,
18115,Ohio,1661,,,
18117,Orange,5122,,,
18119,Owen,5562,,,
18121,Parke,3989,,,
18123,Perry,4745,,,
18125,Pike,3088,,,
18127,Porter,38533,,,
18129,Posey,6284,,,
18131,Pulaski,3385,,,
18133,Putnam,8293,,,
18135,Randolph,6309,,,
18137,Ripley,7071,,,
18139,Rush,4044,,,
18143,Scott,5928,,,
18145,Shelby,10506,,,
18147,Spencer,5105,,,
18141,St. Joseph,54922,,,
18149,Starke,6291,,,
18151,Steuben,9111,,,
18153,Sullivan,4839,,,
18155,Switzerland,2286,,,
18157,Tippecanoe,28405,,,
18159,Tipton,3929,,,
18000,UNKNOWN,*,,,
18161,Union,1831,,,
18163,Vanderburgh,40891,,,
18165,Vermillion,4091,,,
18167,Vigo,23842,,,
18169,Wabash,8502,,,
18171,Warren,2079,,,
18173,Warrick,14932,,,
18175,Washington,6763,,,
18177,Wayne,16893,,,
18179,Wells,6733,,,
18181,White,6511,,,
18183,Whitley,8292,,,
20001,Allen,3314,,,
20003,Anderson,2011,,,
20005,Atchison,3718,,,
20007,Barber,1280,,,
20009,Barton,6164,,,
20011,Bourbon,3489,,,
20013,Brown,2601,,,
20015,Butler,13939,,,
20017,Chase,727,,,
20019,Chautauqua,1003,,,
20021,Cherokee,4908,,,
20023,Cheyenne,814,,,
20025,Clark,494,,,
20027,Clay,2254,,,
20029,Cloud,2345,,,
20031,Coffey,2240,,,
20033,Comanche,520,,,
20035,Cowley,7911,,,
20037,Crawford,7968,,,
20039,Decatur,883,,,
20041,Dickinson,4811,,,
20043,Doniphan,1848,,,
20045,Douglas,20752,,,
20047,Edwards,791,,,
20049,Elk,807,,,
20051,Ellis,6039,,,
20053,Ellsworth,1594,,,
20055,Finney,5326,,,
20057,Ford,4565,,,
20059,Franklin,6055,,,
20061,Geary,4564,,,
20063,Gove,723,,,
20065,Graham,760,,,
20067,Grant,1243,,,
20069,Gray,1188,,,
20071,Greeley,309,,,
20073,Greenwood,1866,,,
20075,Hamilton,432,,,
20077,Harper,1500,,,
20079,Harvey,8538,,,
20081,Haskell,668,,,
20083,Hodgeman,442,,,
20085,Jackson,3131,,,
20087,Jefferson,4616,,,
20089,Jewell,954,,,
20091,Johnson,115200,,,
20093,Kearny,676,,,
20095,Kingman,2047,,,
20097,Kiowa,638,,,
20099,Labette,5164,,,
20101,Lane,453,,,
20103,Leavenworth,15967,,,
20105,Lincoln,906,,,
20107,Linn,2656,,,
20109,Logan,705,,,
20111,Lyon,6715,,,
20115,Marion,3266,,,
20117,Marshall,2782,,,
20113,McPherson,7386,,,
20119,Meade,852,,,
20121,Miami,7664,,,
20123,Mitchell,1707,,,
20125,Montgomery,8059,,,
20127,Morris,1560,,,
20129,Morton,593,,,
20131,Nemaha,2460,,,
20133,Neosho,3876,,,
20135,Ness,852,,,
20137,Norton,1242,,,
20139,Osage,4357,,,
20141,Osborne,1060,,,
20143,Ottawa,1497,,,
20145,Pawnee,1592,,,
20147,Phillips,1531,,,
20149,Pottawatomie,4903,,,
20151,Pratt,2285,,,
20153,Rawlins,740,,,
20155,Reno,15448,,,
20157,Republic,1480,,,
20159,Rice,2246,,,
20161,Riley,9266,,,
20163,Rooks,1386,,,
20165,Rush,934,,,
20167,Russell,1987,,,
20169,Saline,12635,,,
20171,Scott,1077,,,
20173,Sedgwick,101737,,,
20175,Seward,2616,,,
20177,Shawnee,42525,,,
20179,Sheridan,652,,,
20181,Sherman,1438,,,
20183,Smith,1224,,,
20185,Stafford,1074,,,
20187,Stanton,379,,,
20189,Stevens,922,,,
20191,Sumner,5537,,,
20193,Thomas,1707,,,
20195,Trego,877,,,
20000,UNKNOWN,*,,,
20197,Wabaunsee,1771,,,
20199,Wallace,376,,,
20201,Washington,1507,,,
20203,Wichita,462,,,
20205,Wilson,2439,,,
20207,Woodson,901,,,
20209,Wyandotte,26407,,,
21001,Adair,4742,,,
21003,Allen,4991,,,
21005,Anderson,5321,,,
21007,Ballard,2223,,,
21009,Barren,11031,,,
21011,Bath,3125,,,
21013,Bell,6811,,,
21015,Boone,24868,,,
21017,Bourbon,4896,,,
21019,Boyd,12463,,,
21021,Boyle,7564,,,
21023,Bracken,2189,,,
21025,Breathitt,3467,,,
21027,Breckinridge,5384,,,
21029,Bullitt,18066,,,
21031,Butler,3120,,,
21033,Caldwell,3521,,,
21035,Calloway,8755,,,
21037,Campbell,19366,,,
21039,Carlisle,1291,,,
21041,Carroll,2483,,,
21043,Carter,7266,,,
21045,Casey,4163,,,
21047,Christian,12331,,,
21049,Clark,8911,,,
21051,Clay,4953,,,
21053,Clinton,2637,,,
21055,Crittenden,2279,,,
21057,Cumberland,1967,,,
21059,Daviess,24108,,,
21061,Edmonson,3068,,,
21063,Elliott,1418,,,
21065,Estill,3817,,,
21067,Fayette,55820,,,
21069,Fleming,3771,,,
21071,Floyd,10450,,,
21073,Franklin,15220,,,
21075,Fulton,1808,,,
21077,Gallatin,1790,,,
21079,Garrard,4386,,,
21081,Grant,5496,,,
21083,Graves,9119,,,
21085,Grayson,6895,,,
21087,Green,3071,,,
21089,Greenup,9953,,,
21091,Hancock,2187,,,
21093,Hardin,23061,,,
21095,Harlan,7438,,,
21097,Harrison,4811,,,
21099,Hart,4627,,,
21101,Henderson,11077,,,
21103,Henry,4035,,,
21105,Hickman,1283,,,
21107,Hopkins,11531,,,
21109,Jackson,3420,,,
21111,Jefferson,163022,,,
21113,Jessamine,11220,,,
21115,Johnson,6260,,,
21117,Kenton,32765,,,
21119,Knott,3933,,,
21121,Knox,7911,,,
21123,Larue,3664,,,
21125,Laurel,14847,,,
21127,Lawrence,4195,,,
21129,Lee,1852,,,
21131,Leslie,2933,,,
21133,Letcher,6190,,,
21135,Lewis,3408,,,
21137,Lincoln,6353,,,
21139,Livingston,2771,,,
21141,Logan,6751,,,
21143,Lyon,2533,,,
21151,Madison,19122,,,
21153,Magoffin,3357,,,
21155,Marion,4615,,,
21157,Marshall,9273,,,
21159,Martin,2797,,,
21161,Mason,4360,,,
21145,McCracken,17599,,,
21147,McCreary,4035,,,
21149,McLean,2515,,,
21163,Meade,6061,,,
21165,Menifee,1856,,,
21167,Mercer,5838,,,
21169,Metcalfe,2787,,,
21171,Monroe,2821,,,
21173,Montgomery,6455,,,
21175,Morgan,3248,,,
21177,Muhlenberg,8030,,,
21179,Nelson,11292,,,
21181,Nicholas,1797,,,
21183,Ohio,5953,,,
21185,Oldham,11797,,,
21187,Owen,2544,,,
21189,Owsley,1192,,,
21191,Pendleton,3516,,,
21193,Perry,7091,,,
21195,Pike,16807,,,
21197,Powell,3351,,,
21199,Pulaski,18394,,,
21201,Robertson,618,,,
21203,Rockcastle,4313,,,
21205,Rowan,5186,,,
21207,Russell,4996,,,
21209,Scott,10084,,,
21211,Shelby,10063,,,
21213,Simpson,4488,,,
21215,Spencer,4185,,,
21217,Taylor,6576,,,
21219,Todd,2687,,,
21221,Trigg,4185,,,
21223,Trimble,2134,,,
21000,UNKNOWN,*,,,
21225,Union,3413,,,
21227,Warren,23887,,,
21229,Washington,3015,,,
21231,Wayne,5465,,,
21233,Webster,3297,,,
21235,Whitley,9329,,,
21237,Wolfe,2014,,,
21239,Woodford,6636,,,
22001,Acadia,13173,,,
22003,Allen,4830,,,
22005,Ascension,21199,,,
22007,Assumption,5343,,,
22009,Avoyelles,9471,,,
22011,Beauregard,7966,,,
22013,Bienville,3582,,,
22015,Bossier,23889,,,
22017,Caddo,54071,,,
22019,Calcasieu,39504,,,
22021,Caldwell,2436,,,
22023,Cameron,1160,,,
22025,Catahoula,2496,,,
22027,Claiborne,3654,,,
22029,Concordia,4455,,,
22031,DeSoto,6654,,,
22033,East Baton Rouge,83977,,,
22035,East Carroll,1405,,,
22037,East Feliciana,4707,,,
22039,Evangeline,7479,,,
22041,Franklin,4813,,,
22043,Grant,4553,,,
22045,Iberia,15984,,,
22047,Iberville,6874,,,
22049,Jackson,3832,,,
22051,Jefferson,95478,,,
22053,Jefferson Davis,7182,,,
22059,LaSalle,3279,,,
22055,Lafayette,46516,,,
22057,Lafourche,20417,,,
22061,Lincoln,8210,,,
22063,Livingston,25149,,,
22065,Madison,2138,,,
22067,Morehouse,6854,,,
22069,Natchitoches,8259,,,
22071,Orleans,69874,,,
22073,Ouachita,31358,,,
22075,Plaquemines,4105,,,
22077,Pointe Coupee,5564,,,
22079,Rapides,29724,,,
22081,Red River,1884,,,
22083,Richland,4871,,,
22085,Sabine,5880,,,
22087,St. Bernard,7543,,,
22089,St. Charles,10308,,,
22091,St. Helena,2859,,,
22093,St. James,4916,,,
22095,St. John the Baptist,8872,,,
22097,St. Landry,19981,,,
22099,St. Martin,11985,,,
22101,St. Mary,11642,,,
22103,St. Tammany,61207,,,
22105,Tangipahoa,27175,,,
22107,Tensas,1238,,,
22109,Terrebonne,22452,,,
22000,UNKNOWN,*,,,
22111,Union,5823,,,
22113,Vermilion,12681,,,
22115,Vernon,8353,,,
22117,Washington,11305,,,
22119,Webster,10057,,,
22121,West Baton Rouge,5293,,,
22123,West Carroll,2795,,,
22125,West Feliciana,2451,,,
22127,Winn,3153,,,
25001,Barnstable,86799,,,
25003,Berkshire,38566,,,
25005,Bristol,134090,,,
25007,Dukes,5673,,,
25009,Essex,178762,,,
25011,Franklin,21177,,,
25013,Hampden,111398,,,
25015,Hampshire,38860,,,
25017,Middlesex,302621,,,
25019,Nantucket,2362,,,
25021,Norfolk,148654,,,
25023,Plymouth,128506,,,
25025,Suffolk,114743,,,
25000,UNKNOWN,*,,,
25027,Worcester,179173,,,
24001,Allegany,17691,,,
24003,Anne Arundel,108231,,,
24005,Baltimore,176493,,,
24510,Baltimore City,105059,,,
24009,Calvert,18648,,,
24011,Caroline,7388,,,
24013,Carroll,37422,,,
24015,Cecil,21849,,,
24017,Charles,28294,,,
24019,Dorchester,9107,,,
24021,Frederick,50797,,,
24023,Garrett,7935,,,
24025,Harford,55359,,,
24027,Howard,56613,,,
24029,Kent,6352,,,
24031,Montgomery,192671,,,
24033,Prince George's,150852,,,
24035,Queen Anne's,12512,,,
24039,Somerset,5631,,,
24037,St. Mary's,19518,,,
24041,Talbot,12366,,,
24000,UNKNOWN,*,,,
24043,Washington,34455,,,
24045,Wicomico,22267,,,
24047,Worcester,17004,,,
23001,Androscoggin,27323,,,
23003,Aroostook,21828,,,
23005,Cumberland,75613,,,
23007,Franklin,9079,,,
23009,Hancock,17526,,,
23011,Kennebec,35266,,,
23013,Knox,13509,,,
23015,Lincoln,12615,,,
23017,Oxford,17885,,,
23019,Penobscot,41110,,,
23021,Piscataquis,6012,,,
23023,Sagadahoc,11061,,,
23025,Somerset,15561,,,
23000,UNKNOWN,*,,,
23027,Waldo,12668,,,
23029,Washington,10477,,,
23031,York,59579,,,
26001,Alcona,4677,,,
26003,Alger,2933,,,
26005,Allegan,27063,,,
26007,Alpena,9668,,,
26009,Antrim,8438,,,
26011,Arenac,5346,,,
26013,Baraga,2347,,,
26015,Barry,15236,,,
26017,Bay,29138,,,
26019,Benzie,6221,,,
26021,Berrien,39739,,,
26023,Branch,10632,,,
26025,Calhoun,32566,,,
26027,Cass,13839,,,
26029,Charlevoix,8570,,,
26031,Cheboygan,8953,,,
26033,Chippewa,8975,,,
26035,Clare,10411,,,
26037,Clinton,17509,,,
26039,Crawford,4506,,,
26041,Delta,11710,,,
26043,Dickinson,7678,,,
26045,Eaton,26664,,,
26047,Emmet,10430,,,
26049,Genesee,97804,,,
26051,Gladwin,8913,,,
26053,Gogebic,4762,,,
26055,Grand Traverse,25599,,,
26057,Gratiot,9424,,,
26059,Hillsdale,11872,,,
26061,Houghton,8188,,,
26063,Huron,10335,,,
26065,Ingham,53194,,,
26067,Ionia,13229,,,
26069,Iosco,9753,,,
26071,Iron,4295,,,
26073,Isabella,12515,,,
26075,Jackson,38515,,,
26077,Kalamazoo,54615,,,
26079,Kalkaska,5282,,,
26081,Kent,122709,,,
26083,Keweenaw,859,,,
26085,Lake,4401,,,
26087,Lapeer,22254,,,
26089,Leelanau,8382,,,
26091,Lenawee,25207,,,
26093,Livingston,45131,,,
26095,Luce,1775,,,
26097,Mackinac,3971,,,
26099,Macomb,197295,,,
26101,Manistee,8537,,,
26103,Marquette,16909,,,
26105,Mason,9349,,,
26107,Mecosta,10715,,,
26109,Menominee,7128,,,
26111,Midland,20701,,,
26113,Missaukee,4304,,,
26115,Monroe,37987,,,
26117,Montcalm,16071,,,
26119,Montmorency,4264,,,
26121,Muskegon,43167,,,
26123,Newaygo,13477,,,
26125,Oakland,274261,,,
26127,Oceana,7647,,,
26129,Ogemaw,7480,,,
26131,Ontonagon,2555,,,
26133,Osceola,6709,,,
26135,Oscoda,3263,,,
26137,Otsego,7296,,,
26139,Ottawa,60319,,,
26141,Presque Isle,5386,,,
26143,Roscommon,10361,,,
26145,Saginaw,48927,,,
26151,Sanilac,11697,,,
26153,Schoolcraft,2958,,,
26155,Shiawassee,17691,,,
26147,St. Clair,41747,,,
26149,St. Joseph,14268,,,
26157,Tuscola,14843,,,
26000,UNKNOWN,*,,,
26159,Van Buren,19354,,,
26161,Washtenaw,68205,,,
26163,Wayne,355133,,,
26165,Wexford,9249,,,
27001,Aitkin,6271,,,
27003,Anoka,67205,,,
27005,Becker,9509,,,
27007,Beltrami,10246,,,
27009,Benton,8323,,,
27011,Big Stone,1579,,,
27013,Blue Earth,13183,,,
27015,Brown,6903,,,
27017,Carlton,8817,,,
27019,Carver,18403,,,
27021,Cass,9974,,,
27023,Chippewa,3066,,,
27025,Chisago,12407,,,
27027,Clay,11458,,,
27029,Clearwater,2239,,,
27031,Cook,1923,,,
27033,Cottonwood,3136,,,
27035,Crow Wing,20013,,,
27037,Dakota,82612,,,
27039,Dodge,4032,,,
27041,Douglas,11828,,,
27043,Faribault,4002,,,
27045,Fillmore,5528,,,
27047,Freeborn,8401,,,
27049,Goodhue,12104,,,
27051,Grant,1699,,,
27053,Hennepin,223960,,,
27055,Houston,5172,,,
27057,Hubbard,6722,,,
27059,Isanti,9025,,,
27061,Itasca,13897,,,
27063,Jackson,2574,,,
27065,Kanabec,4343,,,
27067,Kandiyohi,10773,,,
27069,Kittson,1238,,,
27071,Koochiching,3968,,,
27073,Lac qui Parle,1979,,,
27075,Lake,3445,,,
27077,Lake of the Woods,1265,,,
27079,Le Sueur,6401,,,
27081,Lincoln,1613,,,
27083,Lyon,5425,,,
27087,Mahnomen,1252,,,
27089,Marshall,2337,,,
27091,Martin,5810,,,
27085,McLeod,8685,,,
27093,Meeker,5819,,,
27095,Mille Lacs,6841,,,
27097,Morrison,8944,,,
27099,Mower,9074,,,
27101,Murray,2490,,,
27103,Nicollet,6920,,,
27105,Nobles,4229,,,
27107,Norman,1748,,,
27109,Olmsted,31514,,,
27111,Otter Tail,18078,,,
27113,Pennington,3158,,,
27115,Pine,8155,,,
27117,Pipestone,2360,,,
27119,Polk,7230,,,
27121,Pope,3369,,,
27123,Ramsey,100198,,,
27125,Red Lake,1004,,,
27127,Redwood,3841,,,
27129,Renville,3820,,,
27131,Rice,13189,,,
27133,Rock,2359,,,
27135,Roseau,3638,,,
27139,Scott,22883,,,
27141,Sherburne,16948,,,
27143,Sibley,3428,,,
27137,St. Louis,51975,,,
27145,Stearns,31865,,,
27147,Steele,8645,,,
27149,Stevens,1981,,,
27151,Swift,2509,,,
27153,Todd,6281,,,
27155,Traverse,1042,,,
27000,UNKNOWN,*,,,
27157,Wabasha,6236,,,
27159,Wadena,4041,,,
27161,Waseca,4436,,,
27163,Washington,54669,,,
27165,Watonwan,2569,,,
27167,Wilkin,1583,,,
27169,Winona,11258,,,
27171,Wright,24545,,,
27173,Yellow Medicine,2539,,,
29001,Adair,5130,,,
29003,Andrew,4100,,,
29005,Atchison,1520,,,
29007,Audrain,6039,,,
29009,Barry,9412,,,
29011,Barton,3012,,,
29013,Bates,4081,,,
29015,Benton,7664,,,
29017,Bollinger,2930,,,
29019,Boone,31625,,,
29021,Buchanan,19148,,,
29023,Butler,11663,,,
29025,Caldwell,2273,,,
29027,Callaway,10168,,,
29029,Camden,14549,,,
29031,Cape Girardeau,17898,,,
29033,Carroll,2486,,,
29035,Carter,1550,,,
29037,Cass,24027,,,
29039,Cedar,4296,,,
29041,Chariton,2137,,,
29043,Christian,19446,,,
29045,Clark,1630,,,
29047,Clay,47603,,,
29049,Clinton,5181,,,
29051,Cole,17039,,,
29053,Cooper,4175,,,
29055,Crawford,6327,,,
29057,Dade,2320,,,
29059,Dallas,4815,,,
29061,Daviess,2031,,,
29063,DeKalb,2350,,,
29065,Dent,4349,,,
29067,Douglas,2496,,,
29069,Dunklin,7235,,,
29071,Franklin,26493,,,
29073,Gasconade,4371,,,
29075,Gentry,1608,,,
29077,Greene,64861,,,
29079,Grundy,2581,,,
29081,Harrison,2328,,,
29083,Henry,6598,,,
29085,Hickory,2966,,,
29087,Holt,1262,,,
29089,Howard,2413,,,
29091,Howell,11429,,,
29093,Iron,3048,,,
29095,Jackson,136817,,,
29097,Jasper,26150,,,
29099,Jefferson,50068,,,
29101,Johnson,9399,,,
29103,Knox,995,,,
29105,Laclede,8997,,,
29107,Lafayette,8047,,,
29109,Lawrence,8917,,,
29111,Lewis,2442,,,
29113,Lincoln,12284,,,
29115,Linn,3311,,,
29117,Livingston,3691,,,
29121,Macon,4203,,,
29123,Madison,3431,,,
29125,Maries,2074,,,
29127,Marion,7129,,,
29119,McDonald,4858,,,
29129,Mercer,858,,,
29131,Miller,6101,,,
29133,Mississippi,3019,,,
29135,Moniteau,3225,,,
29137,Monroe,2352,,,
29139,Montgomery,3174,,,
29141,Morgan,6261,,,
29143,New Madrid,4192,,,
29145,Newton,13799,,,
29147,Nodaway,4428,,,
29149,Oregon,2699,,,
29151,Osage,2997,,,
29153,Ozark,3162,,,
29155,Pemiscot,3737,,,
29157,Perry,4771,,,
29159,Pettis,9438,,,
29161,Phelps,9883,,,
29163,Pike,4246,,,
29165,Platte,20046,,,
29167,Polk,7841,,,
29169,Pulaski,7453,,,
29171,Putnam,1328,,,
29173,Ralls,2824,,,
29175,Randolph,5738,,,
29177,Ray,5419,,,
29179,Reynolds,1641,,,
29181,Ripley,3598,,,
29195,Saline,5190,,,
29197,Schuyler,1048,,,
29199,Scotland,991,,,
29201,Scott,9625,,,
29203,Shannon,2092,,,
29205,Shelby,1693,,,
29183,St. Charles,83586,,,
29185,St. Clair,2879,,,
29187,St. Francois,16459,,,
29189,St. Louis,226240,,,
29510,St. Louis City,51088,,,
29186,Ste. Genevieve,4791,,,
29207,Stoddard,7928,,,
29209,Stone,11452,,,
29211,Sullivan,1497,,,
29213,Taney,16597,,,
29215,Texas,6867,,,
29000,UNKNOWN,*,,,
29217,Vernon,4957,,,
29219,Warren,8761,,,
29221,Washington,5897,,,
29223,Wayne,3326,,,
29225,Webster,8520,,,
29227,Worth,570,,,
29229,Wright,5347,,,
28001,Adams,7831,,,
28003,Alcorn,9187,,,
28005,Amite,3456,,,
28007,Attala,4483,,,
28009,Benton,2109,,,
28011,Bolivar,7449,,,
28013,Calhoun,3768,,,
28015,Carroll,2798,,,
28017,Chickasaw,4398,,,
28019,Choctaw,2300,,,
28021,Claiborne,1989,,,
28023,Clarke,4395,,,
28025,Clay,4989,,,
28027,Coahoma,5235,,,
28029,Copiah,6780,,,
28031,Covington,4588,,,
28033,DeSoto,32673,,,
28035,Forrest,15156,,,
28037,Franklin,2074,,,
28039,George,5506,,,
28041,Greene,2588,,,
28043,Grenada,5813,,,
28045,Hancock,12090,,,
28047,Harrison,45689,,,
28049,Hinds,46149,,,
28051,Holmes,4222,,,
28053,Humphreys,2046,,,
28055,Issaquena,252,,,
28057,Itawamba,5739,,,
28059,Jackson,31535,,,
28061,Jasper,4318,,,
28063,Jefferson,1876,,,
28065,Jefferson Davis,3157,,,
28067,Jones,15534,,,
28069,Kemper,2298,,,
28071,Lafayette,9714,,,
28073,Lamar,10782,,,
28075,Lauderdale,16326,,,
28077,Lawrence,3243,,,
28079,Leake,4788,,,
28081,Lee,18893,,,
28083,Leflore,6183,,,
28085,Lincoln,8021,,,
28087,Lowndes,12940,,,
28089,Madison,22158,,,
28091,Marion,6129,,,
28093,Marshall,8813,,,
28095,Monroe,9196,,,
28097,Montgomery,2850,,,
28099,Neshoba,6309,,,
28101,Newton,4911,,,
28103,Noxubee,2689,,,
28105,Oktibbeha,7830,,,
28107,Panola,8215,,,
28109,Pearl River,14168,,,
28111,Perry,3009,,,
28113,Pike,9469,,,
28115,Pontotoc,6975,,,
28117,Prentiss,5947,,,
28119,Quitman,1656,,,
28121,Rankin,30958,,,
28123,Scott,5862,,,
28125,Sharkey,1100,,,
28127,Simpson,6539,,,
28129,Smith,3604,,,
28131,Stone,4408,,,
28133,Sunflower,5367,,,
28135,Tallahatchie,2962,,,
28137,Tate,6401,,,
28139,Tippah,5488,,,
28141,Tishomingo,5362,,,
28143,Tunica,1961,,,
28000,UNKNOWN,*,,,
28145,Union,6548,,,
28147,Walthall,3616,,,
28149,Warren,10653,,,
28151,Washington,10997,,,
28153,Wayne,4671,,,
28155,Webster,2777,,,
28157,Wilkinson,2094,,,
28159,Winston,4733,,,
28161,Yalobusha,3860,,,
28163,Yazoo,5268,,,
30001,Beaverhead,2721,,,
30003,Big Horn,2041,,,
30005,Blaine,1247,,,
30007,Broadwater,1954,,,
30009,Carbon,3449,,,
30011,Carter,374,,,
30013,Cascade,19845,,,
30015,Chouteau,1486,,,
30017,Custer,2915,,,
30019,Daniels,500,,,
30021,Dawson,2192,,,
30023,Deer Lodge,3125,,,
30025,Fallon,639,,,
30027,Fergus,3462,,,
30029,Flathead,28140,,,
30031,Gallatin,19263,,,
30033,Garfield,308,,,
30035,Glacier,2268,,,
30037,Golden Valley,304,,,
30039,Granite,1020,,,
30041,Hill,3330,,,
30043,Jefferson,3670,,,
30045,Judith Basin,667,,,
30047,Lake,9092,,,
30049,Lewis and Clark,17993,,,
30051,Liberty,520,,,
30053,Lincoln,8376,,,
30057,Madison,2865,,,
30055,McCone,508,,,
30059,Meagher,651,,,
30061,Mineral,1695,,,
30063,Missoula,25928,,,
30065,Musselshell,1705,,,
30067,Park,4750,,,
30069,Petroleum,129,,,
30071,Phillips,1084,,,
30073,Pondera,1553,,,
30075,Powder River,450,,,
30077,Powell,1806,,,
30079,Prairie,448,,,
30081,Ravalli,15336,,,
30083,Richland,2276,,,
30085,Roosevelt,1837,,,
30087,Rosebud,1951,,,
30089,Sanders,4977,,,
30091,Sheridan,1041,,,
30093,Silver Bow,8875,,,
30095,Stillwater,2834,,,
30097,Sweet Grass,1106,,,
30099,Teton,1718,,,
30101,Toole,1071,,,
30103,Treasure,248,,,
30000,UNKNOWN,*,,,
30105,Valley,1944,,,
30107,Wheatland,630,,,
30109,Wibaux,253,,,
30111,Yellowstone,36772,,,
37001,Alamance,37713,,,
37003,Alexander,9086,,,
37005,Alleghany,3800,,,
37007,Anson,5878,,,
37009,Ashe,8732,,,
37011,Avery,5181,,,
37013,Beaufort,14632,,,
37015,Bertie,5698,,,
37017,Bladen,8533,,,
37019,Brunswick,61859,,,
37021,Buncombe,68196,,,
37023,Burke,23327,,,
37025,Cabarrus,38779,,,
37027,Caldwell,21409,,,
37029,Camden,2291,,,
37031,Carteret,21928,,,
37033,Caswell,6286,,,
37035,Catawba,38423,,,
37037,Chatham,22099,,,
37039,Cherokee,10955,,,
37041,Chowan,4452,,,
37043,Clay,4620,,,
37045,Cleveland,25293,,,
37047,Columbus,14021,,,
37049,Craven,27648,,,
37051,Cumberland,60401,,,
37053,Currituck,6755,,,
37055,Dare,10987,,,
37057,Davidson,41058,,,
37059,Davie,11828,,,
37061,Duplin,11759,,,
37063,Durham,55079,,,
37065,Edgecombe,13541,,,
37067,Forsyth,82685,,,
37069,Franklin,15836,,,
37071,Gaston,49495,,,
37073,Gates,2843,,,
37075,Graham,2413,,,
37077,Granville,13287,,,
37079,Greene,4251,,,
37081,Guilford,108103,,,
37083,Halifax,14227,,,
37085,Harnett,23757,,,
37087,Haywood,19780,,,
37089,Henderson,37276,,,
37091,Hertford,5819,,,
37093,Hoke,8581,,,
37095,Hyde,1374,,,
37097,Iredell,40051,,,
37099,Jackson,9685,,,
37101,Johnston,39968,,,
37103,Jones,2978,,,
37105,Lee,14234,,,
37107,Lenoir,15363,,,
37109,Lincoln,22448,,,
37113,Macon,12989,,,
37115,Madison,6461,,,
37117,Martin,6879,,,
37111,McDowell,12828,,,
37119,Mecklenburg,161617,,,
37121,Mitchell,4788,,,
37123,Montgomery,6842,,,
37125,Moore,29545,,,
37127,Nash,24105,,,
37129,New Hanover,53911,,,
37131,Northampton,5886,,,
37133,Onslow,31539,,,
37135,Orange,27828,,,
37137,Pamlico,4575,,,
37139,Pasquotank,9652,,,
37141,Pender,15232,,,
37143,Perquimans,4436,,,
37145,Person,10655,,,
37147,Pitt,34673,,,
37149,Polk,7281,,,
37151,Randolph,33868,,,
37153,Richmond,10971,,,
37155,Robeson,26707,,,
37157,Rockingham,25616,,,
37159,Rowan,34338,,,
37161,Rutherford,17930,,,
37163,Sampson,14039,,,
37165,Scotland,8594,,,
37167,Stanly,15756,,,
37169,Stokes,12681,,,
37171,Surry,19595,,,
37173,Swain,4104,,,
37175,Transylvania,11226,,,
37177,Tyrrell,948,,,
37000,UNKNOWN,*,,,
37179,Union,40288,,,
37181,Vance,11154,,,
37183,Wake,176625,,,
37185,Warren,5747,,,
37187,Washington,3666,,,
37189,Watauga,10439,,,
37191,Wayne,26624,,,
37193,Wilkes,18994,,,
37195,Wilson,19193,,,
37197,Yadkin,9749,,,
37199,Yancey,5975,,,
38001,Adams,737,,,
38003,Barnes,2914,,,
38005,Benson,1189,,,
38007,Billings,204,,,
38009,Bottineau,1821,,,
38011,Bowman,862,,,
38013,Burke,543,,,
38015,Burleigh,20316,,,
38017,Cass,30036,,,
38019,Cavalier,1099,,,
38021,Dickey,1245,,,
38023,Divide,548,,,
38025,Dunn,830,,,
38027,Eddy,672,,,
38029,Emmons,1005,,,
38031,Foster,846,,,
38033,Golden Valley,466,,,
38035,Grand Forks,12214,,,
38037,Grant,712,,,
38039,Griggs,733,,,
38041,Hettinger,655,,,
38043,Kidder,680,,,
38045,LaMoure,1194,,,
38047,Logan,547,,,
38049,McHenry,1430,,,
38051,McIntosh,883,,,
38053,McKenzie,1332,,,
38055,McLean,2787,,,
38057,Mercer,2157,,,
38059,Morton,6973,,,
38061,Mountrail,1589,,,
38063,Nelson,1054,,,
38065,Oliver,448,,,
38067,Pembina,1949,,,
38069,Pierce,1148,,,
38071,Ramsey,2852,,,
38073,Ransom,1411,,,
38075,Renville,593,,,
38077,Richland,3808,,,
38079,Rolette,2403,,,
38081,Sargent,1021,,,
38083,Sheridan,431,,,
38085,Sioux,457,,,
38087,Slope,185,,,
38089,Stark,5583,,,
38091,Steele,498,,,
38093,Stutsman,5229,,,
38095,Towner,628,,,
38097,Traill,1883,,,
38000,UNKNOWN,*,,,
38099,Walsh,2794,,,
38101,Ward,11503,,,
38103,Wells,1262,,,
38105,Williams,4616,,,
31001,Adams,7361,,,
31003,Antelope,1687,,,
31005,Arthur,105,,,
31007,Banner,115,,,
31009,Blaine,133,,,
31011,Boone,1509,,,
31013,Box Butte,2753,,,
31015,Boyd,659,,,
31017,Brown,855,,,
31019,Buffalo,9654,,,
31021,Burt,2012,,,
31023,Butler,2032,,,
31025,Cass,6075,,,
31027,Cedar,2183,,,
31029,Chase,957,,,
31031,Cherry,1450,,,
31033,Cheyenne,2503,,,
31035,Clay,1613,,,
31037,Colfax,1774,,,
31039,Cuming,2219,,,
31041,Custer,2831,,,
31043,Dakota,3570,,,
31045,Dawes,1873,,,
31047,Dawson,4639,,,
31049,Deuel,581,,,
31051,Dixon,1436,,,
31053,Dodge,8743,,,
31055,Douglas,100089,,,
31057,Dundy,514,,,
31059,Fillmore,1579,,,
31061,Franklin,846,,,
31063,Frontier,613,,,
31065,Furnas,1457,,,
31067,Gage,5875,,,
31069,Garden,626,,,
31071,Garfield,510,,,
31073,Gosper,558,,,
31075,Grant,165,,,
31077,Greeley,645,,,
31079,Hall,11710,,,
31081,Hamilton,2270,,,
31083,Harlan,941,,,
31085,Hayes,222,,,
31087,Hitchcock,815,,,
31089,Holt,2782,,,
31091,Hooker,252,,,
31093,Howard,1662,,,
31095,Jefferson,2109,,,
31097,Johnson,1103,,,
31099,Kearney,1565,,,
31101,Keith,2390,,,
31103,Keya Paha,224,,,
31105,Kimball,1093,,,
31107,Knox,2434,,,
31109,Lancaster,58842,,,
31111,Lincoln,8568,,,
31113,Logan,179,,,
31115,Loup,193,,,
31119,Madison,7697,,,
31117,McPherson,112,,,
31121,Merrick,1944,,,
31123,Morrill,1245,,,
31125,Nance,922,,,
31127,Nemaha,1641,,,
31129,Nuckolls,1422,,,
31131,Otoe,3917,,,
31133,Pawnee,794,,,
31135,Perkins,723,,,
31137,Phelps,2268,,,
31139,Pierce,1666,,,
31141,Platte,7187,,,
31143,Polk,1395,,,
31145,Red Willow,2682,,,
31147,Richardson,2308,,,
31149,Rock,412,,,
31151,Saline,2822,,,
31153,Sarpy,31254,,,
31155,Saunders,5007,,,
31157,Scotts Bluff,8923,,,
31159,Seward,3799,,,
31161,Sheridan,1475,,,
31163,Sherman,890,,,
31165,Sioux,302,,,
31167,Stanton,1194,,,
31169,Thayer,1505,,,
31171,Thomas,227,,,
31173,Thurston,1115,,,
31000,UNKNOWN,*,,,
31175,Valley,1197,,,
31177,Washington,4818,,,
31179,Wayne,1650,,,
31181,Webster,948,,,
31183,Wheeler,218,,,
31185,York,3435,,,
33001,Belknap,20829,,,
33003,Carroll,18657,,,
33005,Cheshire,21515,,,
33007,Coos,11071,,,
33009,Grafton,25012,,,
33011,Hillsborough,91869,,,
33013,Merrimack,39807,,,
33015,Rockingham,79620,,,
33017,Strafford,29651,,,
33019,Sullivan,12628,,,
33000,UNKNOWN,*,,,
34001,Atlantic,65478,,,
34003,Bergen,190321,,,
34005,Burlington,100977,,,
34007,Camden,105680,,,
34009,Cape May,31154,,,
34011,Cumberland,30881,,,
34013,Essex,128562,,,
34015,Gloucester,63998,,,
34017,Hudson,88092,,,
34019,Hunterdon,30730,,,
34021,Mercer,71822,,,
34023,Middlesex,154468,,,
34025,Monmouth,143479,,,
34027,Morris,104265,,,
34029,Ocean,169034,,,
34031,Passaic,91427,,,
34033,Salem,15287,,,
34035,Somerset,65010,,,
34037,Sussex,33488,,,
34000,UNKNOWN,*,,,
34039,Union,95438,,,
34041,Warren,25810,,,
35001,Bernalillo,143096,,,
35003,Catron,1634,,,
35005,Chaves,12669,,,
35006,Cibola,5082,,,
35007,Colfax,3979,,,
35009,Curry,8044,,,
35011,De Baca,548,,,
35013,Dona Ana,47842,,,
35015,Eddy,10320,,,
35017,Grant,9434,,,
35019,Guadalupe,1086,,,
35021,Harding,239,,,
35023,Hidalgo,1150,,,
35025,Lea,9831,,,
35027,Lincoln,6757,,,
35028,Los Alamos,3805,,,
35029,Luna,7011,,,
35031,McKinley,12387,,,
35033,Mora,1560,,,
35035,Otero,14743,,,
35037,Quay,2631,,,
35039,Rio Arriba,9753,,,
35041,Roosevelt,3315,,,
35045,San Juan,24458,,,
35047,San Miguel,7557,,,
35043,Sandoval,36359,,,
35049,Santa Fe,46329,,,
35051,Sierra,4753,,,
35053,Socorro,4172,,,
35055,Taos,10783,,,
35057,Torrance,4031,,,
35000,UNKNOWN,*,,,
35059,Union,988,,,
35061,Valencia,17975,,,
32510,Carson City,15426,,,
32001,Churchill,6300,,,
32003,Clark,416477,,,
32005,Douglas,18351,,,
32007,Elko,7988,,,
32009,Esmeralda,270,,,
32011,Eureka,387,,,
32013,Humboldt,3386,,,
32015,Lander,1012,,,
32017,Lincoln,1161,,,
32019,Lyon,16204,,,
32021,Mineral,1434,,,
32023,Nye,18819,,,
32027,Pershing,1188,,,
32029,Storey,1313,,,
32000,UNKNOWN,*,,,
32031,Washoe,102722,,,
32033,White Pine,2030,,,
36001,Albany,67645,,,
36003,Allegany,11454,,,
36005,Bronx,228555,,,
36007,Broome,47062,,,
36009,Cattaraugus,19875,,,
36011,Cayuga,18644,,,
36013,Chautauqua,33406,,,
36015,Chemung,21231,,,
36017,Chenango,13137,,,
36019,Clinton,20344,,,
36021,Columbia,17705,,,
36023,Cortland,10235,,,
36025,Delaware,13074,,,
36027,Dutchess,67563,,,
36029,Erie,218164,,,
36031,Essex,10768,,,
36033,Franklin,12469,,,
36035,Fulton,14606,,,
36037,Genesee,14684,,,
36039,Greene,12951,,,
36041,Hamilton,1833,,,
36043,Herkimer,16109,,,
36045,Jefferson,22504,,,
36047,Kings,409032,,,
36049,Lewis,6737,,,
36051,Livingston,15274,,,
36053,Madison,16719,,,
36055,Monroe,174475,,,
36057,Montgomery,12380,,,
36059,Nassau,297180,,,
36061,New York,301999,,,
36063,Niagara,55027,,,
36065,Oneida,56429,,,
36067,Onondaga,104750,,,
36069,Ontario,29702,,,
36071,Orange,71402,,,
36073,Orleans,10026,,,
36075,Oswego,28089,,,
36077,Otsego,15560,,,
36079,Putnam,21912,,,
36081,Queens,410470,,,
36083,Rensselaer,35469,,,
36085,Richmond,98550,,,
36087,Rockland,60495,,,
36091,Saratoga,56721,,,
36093,Schenectady,35026,,,
36095,Schoharie,8401,,,
36097,Schuyler,5213,,,
36099,Seneca,8544,,,
36089,St. Lawrence,25546,,,
36101,Steuben,24147,,,
36103,Suffolk,327042,,,
36105,Sullivan,18349,,,
36107,Tioga,12625,,,
36109,Tompkins,18913,,,
36000,UNKNOWN,*,,,
36111,Ulster,45325,,,
36113,Warren,19781,,,
36115,Washington,16267,,,
36117,Wayne,24387,,,
36119,Westchester,195771,,,
36121,Wyoming,9737,,,
36123,Yates,6424,,,
39001,Adams,7043,,,
39003,Allen,23820,,,
39005,Ashland,12791,,,
39007,Ashtabula,25560,,,
39009,Athens,11526,,,
39011,Auglaize,11125,,,
39013,Belmont,17284,,,
39015,Brown,10784,,,
39017,Butler,75378,,,
39019,Carroll,7203,,,
39021,Champaign,9321,,,
39023,Clark,32897,,,
39025,Clermont,47139,,,
39027,Clinton,9845,,,
39029,Columbiana,26996,,,
39031,Coshocton,8917,,,
39033,Crawford,11343,,,
39035,Cuyahoga,280052,,,
39037,Darke,12763,,,
39039,Defiance,9724,,,
39041,Delaware,39905,,,
39043,Erie,21458,,,
39045,Fairfield,32986,,,
39047,Fayette,6929,,,
39049,Franklin,205672,,,
39051,Fulton,10376,,,
39053,Gallia,7457,,,
39055,Geauga,23823,,,
39057,Greene,36563,,,
39059,Guernsey,9922,,,
39061,Hamilton,163463,,,
39063,Hancock,16794,,,
39065,Hardin,6635,,,
39067,Harrison,4046,,,
39069,Henry,6893,,,
39071,Highland,10482,,,
39073,Hocking,6902,,,
39075,Holmes,5496,,,
39077,Huron,14150,,,
39079,Jackson,7894,,,
39081,Jefferson,17694,,,
39083,Knox,14780,,,
39085,Lake,60055,,,
39087,Lawrence,14949,,,
39089,Licking,39369,,,
39091,Logan,11237,,,
39093,Lorain,76267,,,
39095,Lucas,93925,,,
39097,Madison,9087,,,
39099,Mahoning,61927,,,
39101,Marion,15323,,,
39103,Medina,43290,,,
39105,Meigs,5835,,,
39107,Mercer,9692,,,
39109,Miami,25988,,,
39111,Monroe,3799,,,
39113,Montgomery,120038,,,
39115,Morgan,3638,,,
39117,Morrow,7996,,,
39119,Muskingum,22106,,,
39121,Noble,2868,,,
39123,Ottawa,12981,,,
39125,Paulding,4542,,,
39127,Perry,8621,,,
39129,Pickaway,12207,,,
39131,Pike,6534,,,
39133,Portage,36789,,,
39135,Preble,10417,,,
39137,Putnam,7904,,,
39139,Richland,30891,,,
39141,Ross,17522,,,
39143,Sandusky,15020,,,
39145,Scioto,17760,,,
39147,Seneca,13618,,,
39149,Shelby,10542,,,
39151,Stark,94372,,,
39153,Summit,126160,,,
39155,Trumbull,55036,,,
39157,Tuscarawas,22619,,,
39000,UNKNOWN,*,,,
39159,Union,10612,,,
39161,Van Wert,6915,,,
39163,Vinton,3060,,,
39165,Warren,46517,,,
39167,Washington,16582,,,
39169,Wayne,26088,,,
39171,Williams,9437,,,
39173,Wood,27288,,,
39175,Wyandot,5482,,,
40001,Adair,4416,,,
40003,Alfalfa,1211,,,
40005,Atoka,3299,,,
40007,Beaver,1026,,,
40009,Beckham,4399,,,
40011,Blaine,2115,,,
40013,Bryan,10471,,,
40015,Caddo,6383,,,
40017,Canadian,27905,,,
40019,Carter,11784,,,
40021,Cherokee,10580,,,
40023,Choctaw,3996,,,
40025,Cimarron,595,,,
40027,Cleveland,53003,,,
40029,Coal,1229,,,
40031,Comanche,21816,,,
40033,Cotton,1365,,,
40035,Craig,3837,,,
40037,Creek,17412,,,
40039,Custer,5156,,,
40041,Delaware,12372,,,
40043,Dewey,1206,,,
40045,Ellis,993,,,
40047,Garfield,13061,,,
40049,Garvin,6574,,,
40051,Grady,11922,,,
40053,Grant,1063,,,
40055,Greer,1278,,,
40057,Harmon,657,,,
40059,Harper,863,,,
40061,Haskell,3079,,,
40063,Hughes,3127,,,
40065,Jackson,4791,,,
40067,Jefferson,1547,,,
40069,Johnston,2703,,,
40071,Kay,10820,,,
40073,Kingfisher,3079,,,
40075,Kiowa,2368,,,
40077,Latimer,2746,,,
40079,Le Flore,12125,,,
40081,Lincoln,8305,,,
40083,Logan,10230,,,
40085,Love,2498,,,
40093,Major,1750,,,
40095,Marshall,4356,,,
40097,Mayes,10180,,,
40087,McClain,9509,,,
40089,McCurtain,7542,,,
40091,McIntosh,5799,,,
40099,Murray,3519,,,
40101,Muskogee,16533,,,
40103,Noble,2725,,,
40105,Nowata,2478,,,
40107,Okfuskee,2738,,,
40109,Oklahoma,144969,,,
40111,Okmulgee,9667,,,
40113,Osage,10588,,,
40115,Ottawa,7849,,,
40117,Pawnee,4042,,,
40119,Payne,13941,,,
40121,Pittsburg,11163,,,
40123,Pontotoc,8584,,,
40125,Pottawatomie,16797,,,
40127,Pushmataha,3081,,,
40129,Roger Mills,871,,,
40131,Rogers,20997,,,
40133,Seminole,5764,,,
40135,Sequoyah,10665,,,
40137,Stephens,11482,,,
40139,Texas,2791,,,
40141,Tillman,1711,,,
40143,Tulsa,127670,,,
40000,UNKNOWN,*,,,
40145,Wagoner,17861,,,
40147,Washington,13363,,,
40149,Washita,2526,,,
40151,Woods,1796,,,
40153,Woodward,3988,,,
41001,Baker,5626,,,
41003,Benton,19858,,,
41005,Clackamas,98056,,,
41007,Clatsop,11916,,,
41009,Columbia,13586,,,
41011,Coos,22576,,,
41013,Crook,8151,,,
41015,Curry,10271,,,
41017,Deschutes,52207,,,
41019,Douglas,37098,,,
41021,Gilliam,633,,,
41023,Grant,2464,,,
41025,Harney,2236,,,
41027,Hood River,4996,,,
41029,Jackson,62003,,,
41031,Jefferson,6328,,,
41033,Josephine,28970,,,
41035,Klamath,19492,,,
41037,Lake,2475,,,
41039,Lane,98000,,,
41041,Lincoln,18736,,,
41043,Linn,32750,,,
41045,Malheur,6684,,,
41047,Marion,71853,,,
41049,Morrow,2419,,,
41051,Multnomah,138577,,,
41053,Polk,20637,,,
41055,Sherman,569,,,
41057,Tillamook,9076,,,
41000,UNKNOWN,*,,,
41059,Umatilla,16069,,,
41061,Union,7058,,,
41063,Wallowa,2694,,,
41065,Wasco,6962,,,
41067,Washington,103155,,,
41069,Wheeler,540,,,
41071,Yamhill,24471,,,
42001,Adams,28166,,,
42003,Allegheny,287791,,,
42005,Armstrong,18849,,,
42007,Beaver,45916,,,
42009,Bedford,14068,,,
42011,Berks,94311,,,
42013,Blair,33705,,,
42015,Bradford,16303,,,
42017,Bucks,156265,,,
42019,Butler,49814,,,
42021,Cambria,39326,,,
42023,Cameron,1548,,,
42025,Carbon,18151,,,
42027,Centre,27816,,,
42029,Chester,111037,,,
42031,Clarion,10085,,,
42033,Clearfield,21295,,,
42035,Clinton,9535,,,
42037,Columbia,16489,,,
42039,Crawford,23335,,,
42041,Cumberland,60825,,,
42043,Dauphin,63254,,,
42045,Delaware,120845,,,
42047,Elk,8988,,,
42049,Erie,66209,,,
42051,Fayette,36844,,,
42053,Forest,1928,,,
42055,Franklin,39161,,,
42057,Fulton,4018,,,
42059,Greene,9148,,,
42061,Huntingdon,11595,,,
42063,Indiana,21256,,,
42065,Jefferson,12248,,,
42067,Juniata,5874,,,
42069,Lackawanna,56137,,,
42071,Lancaster,125158,,,
42073,Lawrence,24574,,,
42075,Lebanon,35262,,,
42077,Lehigh,82128,,,
42079,Luzerne,79334,,,
42081,Lycoming,29550,,,
42083,McKean,10969,,,
42085,Mercer,30964,,,
42087,Mifflin,12105,,,
42089,Monroe,38721,,,
42091,Montgomery,187706,,,
42093,Montour,4877,,,
42095,Northampton,77761,,,
42097,Northumberland,24769,,,
42099,Perry,11719,,,
42101,Philadelphia,271385,,,
42103,Pike,16629,,,
42105,Potter,5009,,,
42107,Schuylkill,38167,,,
42109,Snyder,9389,,,
42111,Somerset,21098,,,
42113,Sullivan,2140,,,
42115,Susquehanna,11334,,,
42117,Tioga,11613,,,
42000,UNKNOWN,*,,,
42119,Union,9153,,,
42121,Venango,15433,,,
42123,Warren,11404,,,
42125,Washington,56265,,,
42127,Wayne,15143,,,
42129,Westmoreland,103011,,,
42131,Wyoming,7467,,,
42133,York,105484,,,
44001,Bristol,12989,,,
44003,Kent,44464,,,
44005,Newport,22516,,,
44007,Providence,132375,,,
44000,UNKNOWN,*,,,
44009,Washington,36277,,,
45001,Abbeville,6880,,,
45003,Aiken,44463,,,
45005,Allendale,2207,,,
45007,Anderson,49764,,,
45009,Bamberg,3666,,,
45011,Barnwell,5314,,,
45013,Beaufort,61276,,,
45015,Berkeley,45495,,,
45017,Calhoun,4105,,,
45019,Charleston,85709,,,
45021,Cherokee,13457,,,
45023,Chester,8411,,,
45025,Chesterfield,10723,,,
45027,Clarendon,9823,,,
45029,Colleton,10698,,,
45031,Darlington,16720,,,
45033,Dillon,7117,,,
45035,Dorchester,32354,,,
45037,Edgefield,6767,,,
45039,Fairfield,6305,,,
45041,Florence,32501,,,
45043,Georgetown,22936,,,
45045,Greenville,115178,,,
45047,Greenwood,17564,,,
45049,Hampton,4824,,,
45051,Horry,126577,,,
45053,Jasper,9123,,,
45055,Kershaw,17235,,,
45057,Lancaster,26535,,,
45059,Laurens,17804,,,
45061,Lee,4455,,,
45063,Lexington,65376,,,
45067,Marion,8355,,,
45069,Marlboro,6704,,,
45065,McCormick,4543,,,
45071,Newberry,10323,,,
45073,Oconee,24619,,,
45075,Orangeburg,22277,,,
45077,Pickens,29743,,,
45079,Richland,76723,,,
45081,Saluda,3869,,,
45083,Spartanburg,73825,,,
45085,Sumter,24407,,,
45000,UNKNOWN,*,,,
45087,Union,7816,,,
45089,Williamsburg,8798,,,
45091,York,55957,,,
46003,Aurora,654,,,
46005,Beadle,4099,,,
46007,Bennett,515,,,
46009,Bon Homme,1656,,,
46011,Brookings,5830,,,
46013,Brown,8432,,,
46015,Brule,1257,,,
46017,Buffalo,225,,,
46019,Butte,2719,,,
46021,Campbell,452,,,
46023,Charles Mix,1951,,,
46025,Clark,896,,,
46027,Clay,2302,,,
46029,Codington,6646,,,
46031,Corson,602,,,
46033,Custer,3481,,,
46035,Davison,4785,,,
46037,Day,1678,,,
46039,Deuel,1054,,,
46041,Dewey,879,,,
46043,Douglas,832,,,
46045,Edmunds,974,,,
46047,Fall River,2907,,,
46049,Faulk,594,,,
46051,Grant,2188,,,
46053,Gregory,1236,,,
46055,Haakon,600,,,
46057,Hamlin,1238,,,
46059,Hand,918,,,
46061,Hanson,1184,,,
46063,Harding,303,,,
46065,Hughes,3817,,,
46067,Hutchinson,1965,,,
46069,Hyde,375,,,
46071,Jackson,494,,,
46073,Jerauld,597,,,
46075,Jones,251,,,
46077,Kingsbury,1489,,,
46079,Lake,2801,,,
46081,Lawrence,8008,,,
46083,Lincoln,11567,,,
46085,Lyman,734,,,
46091,Marshall,1190,,,
46087,McCook,1395,,,
46089,McPherson,735,,,
46093,Meade,6260,,,
46095,Mellette,371,,,
46097,Miner,643,,,
46099,Minnehaha,40321,,,
46101,Moody,1443,,,
46102,Oglala Lakota,1431,,,
46103,Pennington,30490,,,
46105,Perkins,862,,,
46107,Potter,690,,,
46109,Roberts,2259,,,
46111,Sanborn,580,,,
46115,Spink,1668,,,
46117,Stanley,775,,,
46119,Sully,355,,,
46121,Todd,1022,,,
46123,Tripp,1442,,,
46125,Turner,2128,,,
46000,UNKNOWN,*,,,
46127,Union,3771,,,
46129,Walworth,1561,,,
46135,Yankton,5842,,,
46137,Ziebach,185,,,
47001,Anderson,20277,,,
47003,Bedford,10309,,,
47005,Benton,5056,,,
47007,Bledsoe,3739,,,
47009,Blount,35601,,,
47011,Bradley,25244,,,
47013,Campbell,10905,,,
47015,Cannon,3647,,,
47017,Carroll,7869,,,
47019,Carter,16102,,,
47021,Cheatham,9162,,,
47023,Chester,3998,,,
47025,Claiborne,9226,,,
47027,Clay,2305,,,
47029,Cocke,11390,,,
47031,Coffee,14069,,,
47033,Crockett,3415,,,
47035,Cumberland,25049,,,
47037,Davidson,106229,,,
47041,DeKalb,5162,,,
47039,Decatur,3632,,,
47043,Dickson,12392,,,
47045,Dyer,8641,,,
47047,Fayette,11852,,,
47049,Fentress,6161,,,
47051,Franklin,11354,,,
47053,Gibson,12511,,,
47055,Giles,7931,,,
47057,Grainger,6897,,,
47059,Greene,21183,,,
47061,Grundy,4163,,,
47063,Hamblen,15859,,,
47065,Hamilton,82502,,,
47067,Hancock,1981,,,
47069,Hardeman,6285,,,
47071,Hardin,7977,,,
47073,Hawkins,17317,,,
47075,Haywood,4523,,,
47077,Henderson,7184,,,
47079,Henry,9758,,,
47081,Hickman,5788,,,
47083,Houston,2320,,,
47085,Humphreys,4925,,,
47087,Jackson,3500,,,
47089,Jefferson,15291,,,
47091,Johnson,5678,,,
47093,Knox,99592,,,
47095,Lake,1448,,,
47097,Lauderdale,5661,,,
47099,Lawrence,10870,,,
47101,Lewis,3335,,,
47103,Lincoln,9269,,,
47105,Loudon,20017,,,
47111,Macon,5530,,,
47113,Madison,23178,,,
47115,Marion,7955,,,
47117,Marshall,7783,,,
47119,Maury,23937,,,
47107,McMinn,14548,,,
47109,McNairy,7344,,,
47121,Meigs,3897,,,
47123,Monroe,13750,,,
47125,Montgomery,32203,,,
47127,Moore,1684,,,
47129,Morgan,5308,,,
47131,Obion,8346,,,
47133,Overton,6238,,,
47135,Perry,2351,,,
47137,Pickett,1680,,,
47139,Polk,5202,,,
47141,Putnam,18795,,,
47143,Rhea,8718,,,
47145,Roane,15857,,,
47147,Robertson,15265,,,
47149,Rutherford,50684,,,
47151,Scott,5449,,,
47153,Sequatchie,5276,,,
47155,Sevier,25538,,,
47157,Shelby,168464,,,
47159,Smith,4614,,,
47161,Stewart,3683,,,
47163,Sullivan,46161,,,
47165,Sumner,40840,,,
47167,Tipton,12945,,,
47169,Trousdale,2031,,,
47000,UNKNOWN,*,,,
47171,Unicoi,5681,,,
47173,Union,5093,,,
47175,Van Buren,1867,,,
47177,Warren,10374,,,
47179,Washington,33784,,,
47181,Wayne,4064,,,
47183,Weakley,7791,,,
47185,White,7867,,,
47187,Williamson,43690,,,
47189,Wilson,30947,,,
48001,Anderson,11657,,,
48003,Andrews,2479,,,
48005,Angelina,19314,,,
48007,Aransas,8452,,,
48009,Archer,2113,,,
48011,Armstrong,521,,,
48013,Atascosa,10102,,,
48015,Austin,7815,,,
48017,Bailey,1150,,,
48019,Bandera,8037,,,
48021,Bastrop,18561,,,
48023,Baylor,1006,,,
48025,Bee,5346,,,
48027,Bell,62310,,,
48029,Bexar,335144,,,
48031,Blanco,4228,,,
48033,Borden,121,,,
48035,Bosque,5711,,,
48037,Bowie,20979,,,
48039,Brazoria,60635,,,
48041,Brazos,29202,,,
48043,Brewster,2423,,,
48045,Briscoe,441,,,
48047,Brooks,1602,,,
48049,Brown,9987,,,
48051,Burleson,5222,,,
48053,Burnet,14753,,,
48055,Caldwell,8657,,,
48057,Calhoun,4740,,,
48059,Callahan,3745,,,
48061,Cameron,72058,,,
48063,Camp,3116,,,
48065,Carson,1320,,,
48067,Cass,8676,,,
48069,Castro,1287,,,
48071,Chambers,7726,,,
48073,Cherokee,11707,,,
48075,Childress,1412,,,
48077,Clay,2801,,,
48079,Cochran,565,,,
48081,Coke,1050,,,
48083,Coleman,2716,,,
48085,Collin,148912,,,
48087,Collingsworth,700,,,
48089,Colorado,5987,,,
48091,Comal,43658,,,
48093,Comanche,3832,,,
48095,Concho,785,,,
48097,Cooke,9588,,,
48099,Coryell,12212,,,
48101,Cottle,420,,,
48103,Crane,707,,,
48105,Crockett,793,,,
48107,Crosby,1323,,,
48109,Culberson,559,,,
48111,Dallam,984,,,
48113,Dallas,359395,,,
48115,Dawson,2328,,,
48123,DeWitt,4905,,,
48117,Deaf Smith,2837,,,
48119,Delta,1452,,,
48121,Denton,126130,,,
48125,Dickens,582,,,
48127,Dimmit,1968,,,
48129,Donley,981,,,
48131,Duval,2487,,,
48133,Eastland,5086,,,
48135,Ector,21840,,,
48137,Edwards,593,,,
48141,El Paso,149330,,,
48139,Ellis,35350,,,
48143,Erath,7787,,,
48145,Falls,4011,,,
48147,Fannin,8409,,,
48149,Fayette,7877,,,
48151,Fisher,995,,,
48153,Floyd,1271,,,
48155,Foard,368,,,
48157,Fort Bend,126543,,,
48159,Franklin,2694,,,
48161,Freestone,4865,,,
48163,Frio,3060,,,
48165,Gaines,2222,,,
48167,Galveston,67275,,,
48169,Garza,910,,,
48171,Gillespie,9641,,,
48173,Glasscock,204,,,
48175,Goliad,1988,,,
48177,Gonzales,4662,,,
48179,Gray,4345,,,
48181,Grayson,32990,,,
48183,Gregg,27673,,,
48185,Grimes,7139,,,
48187,Guadalupe,32636,,,
48189,Hale,5911,,,
48191,Hall,811,,,
48193,Hamilton,2503,,,
48195,Hansford,959,,,
48197,Hardeman,1012,,,
48199,Hardin,13074,,,
48201,Harris,641854,,,
48203,Harrison,14756,,,
48205,Hartley,637,,,
48207,Haskell,1460,,,
48209,Hays,39488,,,
48211,Hemphill,709,,,
48213,Henderson,23155,,,
48215,Hidalgo,121012,,,
48217,Hill,9741,,,
48219,Hockley,4290,,,
48221,Hood,20085,,,
48223,Hopkins,8701,,,
48225,Houston,5958,,,
48227,Howard,5532,,,
48229,Hudspeth,788,,,
48231,Hunt,21032,,,
48233,Hutchinson,4446,,,
48235,Irion,394,,,
48237,Jack,1809,,,
48239,Jackson,3497,,,
48241,Jasper,9239,,,
48243,Jeff Davis,755,,,
48245,Jefferson,46869,,,
48247,Jim Hogg,1021,,,
48249,Jim Wells,8774,,,
48251,Johnson,36030,,,
48253,Jones,3686,,,
48255,Karnes,2968,,,
48257,Kaufman,25437,,,
48259,Kendall,12976,,,
48261,Kenedy,55,,,
48263,Kent,211,,,
48265,Kerr,18075,,,
48267,Kimble,1354,,,
48269,King,38,,,
48271,Kinney,974,,,
48273,Kleberg,5464,,,
48275,Knox,915,,,
48283,La Salle,1206,,,
48277,Lamar,12214,,,
48279,Lamb,2806,,,
48281,Lampasas,6184,,,
48285,Lavaca,5920,,,
48287,Lee,4151,,,
48289,Leon,5648,,,
48291,Liberty,16013,,,
48293,Limestone,5609,,,
48295,Lipscomb,675,,,
48297,Live Oak,2774,,,
48299,Llano,8771,,,
48301,Loving,15,,,
48303,Lubbock,53306,,,
48305,Lynn,1146,,,
48313,Madison,2681,,,
48315,Marion,3242,,,
48317,Martin,812,,,
48319,Mason,1460,,,
48321,Matagorda,8065,,,
48323,Maverick,11288,,,
48307,McCulloch,2365,,,
48309,McLennan,49997,,,
48311,McMullen,181,,,
48325,Medina,11395,,,
48327,Menard,735,,,
48329,Midland,21933,,,
48331,Milam,6636,,,
48333,Mills,1535,,,
48335,Mitchell,1548,,,
48337,Montague,5857,,,
48339,Montgomery,113440,,,
48341,Moore,2754,,,
48343,Morris,3630,,,
48345,Motley,376,,,
48347,Nacogdoches,12928,,,
48349,Navarro,11530,,,
48351,Newton,3157,,,
48353,Nolan,3374,,,
48355,Nueces,67225,,,
48357,Ochiltree,1426,,,
48359,Oldham,470,,,
48361,Orange,17569,,,
48363,Palo Pinto,7207,,,
48365,Panola,5682,,,
48367,Parker,32530,,,
48369,Parmer,1545,,,
48371,Pecos,2476,,,
48373,Polk,20025,,,
48375,Potter,20629,,,
48377,Presidio,1880,,,
48379,Rains,3589,,,
48381,Randall,26681,,,
48383,Reagan,496,,,
48385,Real,1431,,,
48387,Red River,3763,,,
48389,Reeves,2202,,,
48391,Refugio,1855,,,
48393,Roberts,195,,,
48395,Robertson,4358,,,
48397,Rockwall,19715,,,
48399,Runnels,2715,,,
48401,Rusk,11179,,,
48403,Sabine,3673,,,
48405,San Augustine,2622,,,
48407,San Jacinto,7331,,,
48409,San Patricio,14433,,,
48411,San Saba,1637,,,
48413,Schleicher,628,,,
48415,Scurry,3210,,,
48417,Shackelford,847,,,
48419,Shelby,5540,,,
48421,Sherman,413,,,
48423,Smith,51866,,,
48425,Somervell,2322,,,
48427,Starr,10350,,,
48429,Stephens,2205,,,
48431,Sterling,247,,,
48433,Stonewall,406,,,
48435,Sutton,873,,,
48437,Swisher,1470,,,
48439,Tarrant,315893,,,
48441,Taylor,28056,,,
48443,Terrell,256,,,
48445,Terry,2105,,,
48447,Throckmorton,412,,,
48449,Titus,6012,,,
48451,Tom Green,24729,,,
48453,Travis,156605,,,
48455,Trinity,4727,,,
48457,Tyler,5449,,,
48000,UNKNOWN,*,,,
48459,Upshur,9845,,,
48461,Upton,680,,,
48463,Uvalde,5851,,,
48465,Val Verde,9084,,,
48467,Van Zandt,14484,,,
48469,Victoria,19651,,,
48471,Walker,12158,,,
48473,Waller,9077,,,
48475,Ward,1988,,,
48477,Washington,9952,,,
48479,Webb,38092,,,
48481,Wharton,9379,,,
48483,Wheeler,1206,,,
48485,Wichita,27213,,,
48487,Wilbarger,2956,,,
48489,Willacy,3791,,,
48491,Williamson,98286,,,
48493,Wilson,11104,,,
48495,Winkler,1153,,,
48497,Wise,14687,,,
48499,Wood,16542,,,
48501,Yoakum,1344,,,
48503,Young,4751,,,
48505,Zapata,2158,,,
48507,Zavala,2188,,,
49001,Beaver,1486,,,
49003,Box Elder,9808,,,
49005,Cache,16944,,,
49007,Carbon,4966,,,
49009,Daggett,281,,,
49011,Davis,48007,,,
49013,Duchesne,3701,,,
49015,Emery,2283,,,
49017,Garfield,1314,,,
49019,Grand,2216,,,
49021,Iron,10450,,,
49023,Juab,1909,,,
49025,Kane,2306,,,
49027,Millard,2726,,,
49029,Morgan,1901,,,
49031,Piute,460,,,
49033,Rich,515,,,
49035,Salt Lake,163270,,,
49037,San Juan,2480,,,
49039,Sanpete,5546,,,
49041,Sevier,4728,,,
49043,Summit,7754,,,
49045,Tooele,9702,,,
49000,UNKNOWN,*,,,
49047,Uintah,5491,,,
49049,Utah,68223,,,
49051,Wasatch,5593,,,
49053,Washington,46466,,,
49055,Wayne,744,,,
49057,Weber,41575,,,
51001,Accomack,10320,,,
51003,Albemarle,25154,,,
51510,Alexandria City,20593,,,
51005,Alleghany,4716,,,
51007,Amelia,3570,,,
51009,Amherst,8655,,,
51011,Appomattox,4493,,,
51013,Arlington,27766,,,
51015,Augusta,20282,,,
51017,Bath,1401,,,
51019,Bedford,22751,,,
51021,Bland,1927,,,
51023,Botetourt,9733,,,
51520,Bristol City,4678,,,
51025,Brunswick,4453,,,
51027,Buchanan,7037,,,
51029,Buckingham,4024,,,
51530,Buena Vista City,1593,,,
51031,Campbell,14034,,,
51033,Caroline,6921,,,
51035,Carroll,9079,,,
51036,Charles City,2109,,,
51037,Charlotte,3429,,,
51540,Charlottesville City,6935,,,
51550,Chesapeake City,46384,,,
51041,Chesterfield,73496,,,
51043,Clarke,4112,,,
51570,Colonial Heights City,4436,,,
51580,Covington City,1798,,,
51045,Craig,1446,,,
51047,Culpeper,11295,,,
51049,Cumberland,2481,,,
51590,Danville City,11859,,,
51051,Dickenson,4914,,,
51053,Dinwiddie,6570,,,
51595,Emporia City,1387,,,
51057,Essex,3331,,,
51059,Fairfax,178618,,,
51600,Fairfax City,5040,,,
51610,Falls Church City,2495,,,
51061,Fauquier,14940,,,
51063,Floyd,4640,,,
51065,Fluvanna,7373,,,
51067,Franklin,16646,,,
51620,Franklin City,2410,,,
51069,Frederick,20180,,,
51630,Fredericksburg City,4755,,,
51640,Galax City,2024,,,
51071,Giles,4733,,,
51073,Gloucester,10522,,,
51075,Goochland,7497,,,
51077,Grayson,4857,,,
51079,Greene,4766,,,
51081,Greensville,2400,,,
51083,Halifax,10548,,,
51650,Hampton City,28505,,,
51085,Hanover,25953,,,
51660,Harrisonburg City,6459,,,
51087,Henrico,66472,,,
51089,Henry,15208,,,
51091,Highland,947,,,
51670,Hopewell City,5022,,,
51093,Isle of Wight,10029,,,
51095,James City,24927,,,
51099,King George,4882,,,
51101,King William,4125,,,
51097,King and Queen,2008,,,
51103,Lancaster,4776,,,
51105,Lee,6698,,,
51678,Lexington City,1679,,,
51107,Loudoun,50246,,,
51109,Louisa,10258,,,
51111,Lunenburg,3372,,,
51680,Lynchburg City,16256,,,
51113,Madison,3763,,,
51683,Manassas City,5562,,,
51685,Manassas Park City,1372,,,
51690,Martinsville City,4414,,,
51115,Mathews,3216,,,
51117,Mecklenburg,10163,,,
51119,Middlesex,4033,,,
51121,Montgomery,15656,,,
51125,Nelson,5328,,,
51127,New Kent,6186,,,
51700,Newport News City,32709,,,
51710,Norfolk City,37612,,,
51131,Northampton,4285,,,
51133,Northumberland,5143,,,
51720,Norton City,1174,,,
51135,Nottoway,3877,,,
51137,Orange,10256,,,
51139,Page,6733,,,
51141,Patrick,5798,,,
51730,Petersburg City,8003,,,
51143,Pittsylvania,17606,,,
51735,Poquoson City,2863,,,
51740,Portsmouth City,19940,,,
51145,Powhatan,7328,,,
51147,Prince Edward,5273,,,
51149,Prince George,7022,,,
51153,Prince William,61729,,,
51155,Pulaski,9625,,,
51750,Radford City,2457,,,
51157,Rappahannock,2226,,,
51159,Richmond,2159,,,
51760,Richmond City,36550,,,
51161,Roanoke,26102,,,
51770,Roanoke City,22594,,,
51163,Rockbridge,6858,,,
51165,Rockingham,20053,,,
51167,Russell,8346,,,
51775,Salem City,6806,,,
51169,Scott,7057,,,
51171,Shenandoah,11884,,,
51173,Smyth,8968,,,
51175,Southampton,4391,,,
51177,Spotsylvania,26426,,,
51179,Stafford,22231,,,
51790,Staunton City,7083,,,
51800,Suffolk City,19881,,,
51181,Surry,1955,,,
51183,Sussex,2713,,,
51185,Tazewell,12387,,,
51000,UNKNOWN,*,,,
51810,Virginia Beach City,85485,,,
51187,Warren,9453,,,
51191,Washington,16434,,,
51820,Waynesboro City,5751,,,
51193,Westmoreland,5848,,,
51830,Williamsburg City,2968,,,
51840,Winchester City,5979,,,
51195,Wise,11034,,,
51197,Wythe,8581,,,
51199,York,14080,,,
78010,St. Croix,10428,,,
78020,St. John,979,,,
78030,St. Thomas,10194,,,
78000,UNKNOWN,*,,,
50001,Addison,10040,,,
50003,Bennington,11093,,,
50005,Caledonia,8525,,,
50007,Chittenden,34978,,,
50009,Essex,2045,,,
50011,Franklin,11673,,,
50013,Grand Isle,2408,,,
50015,Lamoille,6208,,,
50017,Orange,8474,,,
50019,Orleans,8322,,,
50021,Rutland,18583,,,
50000,UNKNOWN,*,,,
50023,Washington,15718,,,
50025,Windham,13406,,,
50027,Windsor,17573,,,
53001,Adams,2855,,,
53003,Asotin,6994,,,
53005,Benton,41265,,,
53007,Chelan,19934,,,
53009,Clallam,29857,,,
53011,Clark,104646,,,
53013,Columbia,1392,,,
53015,Cowlitz,29119,,,
53017,Douglas,9299,,,
53019,Ferry,2585,,,
53021,Franklin,12454,,,
53023,Garfield,760,,,
53025,Grant,18395,,,
53027,Grays Harbor,22726,,,
53029,Island,26854,,,
53031,Jefferson,15211,,,
53033,King,360123,,,
53035,Kitsap,65052,,,
53037,Kittitas,10427,,,
53039,Klickitat,7035,,,
53041,Lewis,23346,,,
53043,Lincoln,3670,,,
53045,Mason,19988,,,
53047,Okanogan,12279,,,
53049,Pacific,9367,,,
53051,Pend Oreille,4667,,,
53053,Pierce,172698,,,
53055,San Juan,6854,,,
53057,Skagit,35660,,,
53059,Skamania,3109,,,
53061,Snohomish,148686,,,
53063,Spokane,120347,,,
53065,Stevens,14744,,,
53067,Thurston,69347,,,
53000,UNKNOWN,*,,,
53069,Wahkiakum,1783,,,
53071,Walla Walla,14954,,,
53073,Whatcom,53566,,,
53075,Whitman,6931,,,
53077,Yakima,46968,,,
55001,Adams,7887,,,
55003,Ashland,4408,,,
55005,Barron,13403,,,
55007,Bayfield,5912,,,
55009,Brown,55036,,,
55011,Buffalo,3679,,,
55013,Burnett,6171,,,
55015,Calumet,10190,,,
55017,Chippewa,16151,,,
55019,Clark,7727,,,
55021,Columbia,14630,,,
55023,Crawford,4749,,,
55025,Dane,102356,,,
55027,Dodge,20794,,,
55029,Door,11171,,,
55031,Douglas,11421,,,
55033,Dunn,10279,,,
55035,Eau Claire,22506,,,
55037,Florence,1691,,,
55039,Fond du Lac,24606,,,
55041,Forest,2923,,,
55043,Grant,12010,,,
55045,Green,9280,,,
55047,Green Lake,5673,,,
55049,Iowa,6118,,,
55051,Iron,2286,,,
55053,Jackson,5112,,,
55055,Jefferson,19344,,,
55057,Juneau,7271,,,
55059,Kenosha,33759,,,
55061,Kewaunee,5304,,,
55063,La Crosse,26340,,,
55065,Lafayette,3966,,,
55067,Langlade,6267,,,
55069,Lincoln,8502,,,
55071,Manitowoc,22178,,,
55073,Marathon,31325,,,
55075,Marinette,13389,,,
55077,Marquette,5096,,,
55078,Menominee,976,,,
55079,Milwaukee,168053,,,
55081,Monroe,10407,,,
55083,Oconto,10970,,,
55085,Oneida,13387,,,
55087,Outagamie,39492,,,
55089,Ozaukee,23821,,,
55091,Pepin,2331,,,
55093,Pierce,8907,,,
55095,Polk,12674,,,
55097,Portage,16205,,,
55099,Price,4980,,,
55101,Racine,45691,,,
55103,Richland,4840,,,
55105,Rock,37395,,,
55107,Rusk,4505,,,
55111,Sauk,16061,,,
55113,Sawyer,6299,,,
55115,Shawano,10987,,,
55117,Sheboygan,28651,,,
55109,St. Croix,18552,,,
55119,Taylor,4914,,,
55121,Trempealeau,7011,,,
55000,UNKNOWN,*,,,
55123,Vernon,7847,,,
55125,Vilas,9521,,,
55127,Walworth,24791,,,
55129,Washburn,6182,,,
55131,Washington,33072,,,
55133,Waukesha,101379,,,
55135,Waupaca,14638,,,
55137,Waushara,7741,,,
55139,Winnebago,37716,,,
55141,Wood,20251,,,
54001,Barbour,4297,,,
54003,Berkeley,25647,,,
54005,Boone,6139,,,
54007,Braxton,3816,,,
54009,Brooke,6382,,,
54011,Cabell,21666,,,
54013,Calhoun,2129,,,
54015,Clay,2636,,,
54017,Doddridge,1774,,,
54019,Fayette,11834,,,
54021,Gilmer,1595,,,
54023,Grant,3407,,,
54025,Greenbrier,10174,,,
54027,Hampshire,6572,,,
54029,Hancock,8318,,,
54031,Hardy,3859,,,
54033,Harrison,16972,,,
54035,Jackson,7842,,,
54037,Jefferson,12696,,,
54039,Kanawha,48867,,,
54041,Lewis,4437,,,
54043,Lincoln,5580,,,
54045,Logan,9149,,,
54049,Marion,14184,,,
54051,Marshall,8185,,,
54053,Mason,7102,,,
54047,McDowell,5455,,,
54055,Mercer,16960,,,
54057,Mineral,7496,,,
54059,Mingo,6791,,,
54061,Monongalia,16355,,,
54063,Monroe,3942,,,
54065,Morgan,5150,,,
54067,Nicholas,7630,,,
54069,Ohio,11179,,,
54071,Pendleton,2331,,,
54073,Pleasants,1961,,,
54075,Pocahontas,2667,,,
54077,Preston,8537,,,
54079,Putnam,13948,,,
54081,Raleigh,20689,,,
54083,Randolph,7504,,,
54085,Ritchie,2838,,,
54087,Roane,4104,,,
54089,Summers,3726,,,
54091,Taylor,4163,,,
54093,Tucker,2269,,,
54095,Tyler,2317,,,
54000,UNKNOWN,*,,,
54097,Upshur,6404,,,
54099,Wayne,10978,,,
54101,Webster,2641,,,
54103,Wetzel,4254,,,
54105,Wirt,1681,,,
54107,Wood,23409,,,
54109,Wyoming,6088,,,
56001,Albany,6169,,,
56003,Big Horn,3116,,,
56005,Campbell,7586,,,
56007,Carbon,3213,,,
56009,Converse,3126,,,
56011,Crook,1992,,,
56013,Fremont,9657,,,
56015,Goshen,3560,,,
56017,Hot Springs,1592,,,
56019,Johnson,2665,,,
56021,Laramie,21839,,,
56023,Lincoln,4687,,,
56025,Natrona,16932,,,
56027,Niobrara,680,,,
56029,Park,8939,,,
56031,Platte,2697,,,
56033,Sheridan,8829,,,
56035,Sublette,2061,,,
56037,Sweetwater,7606,,,
56039,Teton,4321,,,
56000,UNKNOWN,*,,,
56041,Uinta,4347,,,
56043,Washakie,2209,,,
56045,Weston,1915,,,
